time,ShortWave,LongWave,AirTemp,RelHum,WindSpeed,Rain,Snow
2018-09-20 07:00:00,62.2524590163934,374.322950819672,19.83,100,1.08621043114754,0,0
2018-09-20 08:00:00,218.014754098361,382.513114754098,21.53,99.7,0.819946790016393,0,0
2018-09-20 09:00:00,424.601639344262,398.755737704918,25.42,82.3,2.0495736147541,0,0
2018-09-20 10:00:00,660.862295081967,398.470491803279,25.21,77.52,1.92073164590164,0,0
2018-09-20 11:00:00,635.660655737705,420.140983606557,25.99,71.81,1.82182691229508,0,0
2018-09-20 12:00:00,711.972131147541,429.265573770492,26.41,73.02,1.8079491295082,0,0
2018-09-20 13:00:00,591.075409836066,425.24262295082,28.26,68.1,1.63307376721311,0,0
2018-09-20 14:00:00,662.760655737705,428.196721311475,27.99,66.24,1.93163959672131,0,0
2018-09-20 15:00:00,323.037704918033,438.929508196721,28.21,68.06,1.09937324360656,0,0
2018-09-20 16:00:00,75.5867213114754,455.786885245902,27.78,74.28,0.94143736557377,0,0
2018-09-20 17:00:00,43.8752459016393,421.090163934426,25.46,89.8,0.651029600327869,0,0
2018-09-20 18:00:00,2.89747540983607,406.081967213115,24.27,91.1,0.903598754098361,0,0
2018-09-20 19:00:00,0.0414754098360656,411.985245901639,23.17,94.7,1.03652886688525,0,0
2018-09-20 20:00:00,0,404.118032786885,23.98,89.2,1.05366993606557,0,0
2018-09-20 21:00:00,0,408.491803278689,23.29,90.1,0.790816160655738,0,0
2018-09-20 22:00:00,0,434.64262295082,23.21,92.8,1.75218118360656,0,0
2018-09-20 23:00:00,0,439.562295081967,23.05,92.8,2.16409784262295,0,0
2018-09-21 00:00:00,0,440.118032786885,22.99,93.9,2.3247652295082,0,0
2018-09-21 01:00:00,0,435.855737704918,22.6,95,2.47520304918033,0,0
2018-09-21 02:00:00,0,422.873770491803,22.95,94,2.3049293295082,0,0
2018-09-21 03:00:00,0,417.936065573771,22.63,94.5,2.25909764918033,0,0
2018-09-21 04:00:00,0,427.101639344262,23.06,98,2.01897638852459,0,0
2018-09-21 05:00:00,0,425.03606557377,23.11,100,1.61114791803279,0,0
2018-09-21 06:00:00,21.2338196721311,418.152459016393,22.48,100,1.34092449508197,0,0
2018-09-21 07:00:00,96.9872131147541,402.245901639344,22.47,99.1,1.66438596393443,0,0
2018-09-21 08:00:00,257.534426229508,396.837704918033,23.03,94.1,2.1936867,0,0
2018-09-21 09:00:00,508.767213114754,423.818032786885,23.53,88.9,2.13892699180328,0,0
2018-09-21 10:00:00,352.940983606557,435.355737704918,23.88,83.2,2.03378918688525,0,0
2018-09-21 11:00:00,517.668852459016,424.132786885246,24.9,77.96,1.75419774704918,0,0
2018-09-21 12:00:00,761.606557377049,414.93606557377,26.32,70.2,1.30638566885246,0,0
2018-09-21 13:00:00,671.531147540984,417.929508196721,27.88,66.71,1.63118555081967,0,0
2018-09-21 14:00:00,577.091803278689,425.362295081967,28.8,63.41,1.63509036557377,0,0
2018-09-21 15:00:00,479.631147540984,436.595081967213,28.1,70.87,1.83339489016393,0,0
2018-09-21 16:00:00,131.80393442623,420.050819672131,28.06,66.51,1.2263636704918,0,0
2018-09-21 17:00:00,29.672131147541,417.222950819672,26.01,78.52,0.58237375704918,0,0
2018-09-21 18:00:00,1.16181967213115,409.145901639344,24.13,86.5,0.267803570213115,0,0
2018-09-21 19:00:00,0,407.954098360656,22.64,93,0.423722906229508,0,0
2018-09-21 20:00:00,0,393.022950819672,22.92,90.8,0.639773318360656,0,0
2018-09-21 21:00:00,0,402.568852459016,22.71,97.5,0.532838934229508,0,0
2018-09-21 22:00:00,0,386.983606557377,21.92,97.7,0.960411645901639,0,0
2018-09-21 23:00:00,0,381.947540983607,21.32,98.8,1.2194522,0,0
2018-09-22 00:00:00,0,378.404918032787,20.77,99.2,1.88771449180328,0,0
2018-09-22 01:00:00,0,376.198360655738,20.3,99.3,1.38978099344262,0,0
2018-09-22 02:00:00,0,377.673770491803,20.55,99.4,1.15481127152459,0,0
2018-09-22 03:00:00,0,377.427868852459,20.85,97.8,2.10059345245902,0,0
2018-09-22 04:00:00,0,377.627868852459,22.66,84.1,3.50485714754098,0,0
2018-09-22 05:00:00,0,379.737704918033,22.85,82.3,3.20330324590164,0,0
2018-09-22 06:00:00,12.4528852459016,378.863934426229,22.64,83.7,3.35485942622951,0,0
2018-09-22 07:00:00,46.7604918032787,381.626229508197,21.43,95.6,1.55994470213115,0,0
2018-09-22 08:00:00,216.411639344262,386.808196721311,22.22,90.2,1.30259079283607,0,0
2018-09-22 09:00:00,562.329508196721,404.783606557377,24.42,77.12,1.77086206557377,0,0
2018-09-22 10:00:00,558.67868852459,427.508196721311,25.15,71.98,1.77795687377049,0,0
2018-09-22 11:00:00,526.686885245902,427.509836065574,26.02,68.03,0.939457429672131,0,0
2018-09-22 12:00:00,594.226229508197,441.862295081967,28,68.68,1.22205540786885,0,0
2018-09-22 13:00:00,468.360655737705,451.503278688525,27.52,66.3,2.02134142459016,0,0
2018-09-22 14:00:00,122.251639344262,468.811475409836,27.16,70.58,0.932527677704918,0.048768,0
2018-09-22 15:00:00,91.2804918032787,459.190163934426,23.98,91.3,1.7394216295082,0.103632,0
2018-09-22 16:00:00,7.92519672131148,446.295081967213,23.41,96.5,1.9186600647541,0.469392,0
2018-09-22 17:00:00,5.21670491803279,440.752459016393,22.68,95.1,1.20524442455738,0.347472,0
2018-09-22 18:00:00,0.156901639344262,438.208196721311,23.02,96.7,1.5665995147541,0.12192,0
2018-09-22 19:00:00,0,433.613114754098,22.23,95.8,2.35791071803279,0.012192,0
2018-09-22 20:00:00,0,427.977049180328,21.81,94.5,2.3653354,0.024384,0
2018-09-22 21:00:00,0,424.555737704918,22.66,96.9,2.39791251803279,0.073152,0
2018-09-22 22:00:00,0,421.227868852459,20.27,98.8,2.73499520983607,0.042672,0
2018-09-22 23:00:00,0,415.919672131148,21.4,100,1.47015139737705,0.280416,0
2018-09-23 00:00:00,0,412.277049180328,18.95,99.6,1.36968842737705,0.27432,0
2018-09-23 01:00:00,0,412.944262295082,18.9,100,0.755580776213115,0.12192,0
2018-09-23 02:00:00,0,412.991803278689,18.33,100,0.821046727868852,0.054864,0
2018-09-23 03:00:00,0,412.25737704918,17.8,100,0.769183671442623,0.06096,0
2018-09-23 04:00:00,0,411.968852459016,17.59,100,0.262780423278689,0.03048,0
2018-09-23 05:00:00,0,411.888524590164,17.7,100,1.05379820590164,0.006096,0
2018-09-23 06:00:00,2.83001639344262,412.227868852459,17.1,100,0.834961243606557,0,0
2018-09-23 07:00:00,31.8982786885246,412.485245901639,16.92,100,0.582208798688525,0,0
2018-09-23 08:00:00,64.6709836065574,414.008196721311,17.03,100,0.869628278032787,0.006096,0
2018-09-23 09:00:00,109.935245901639,416.014754098361,17.03,100,1.35575556885246,0,0
2018-09-23 10:00:00,114.542786885246,416.895081967213,17.22,99.9,1.71547913114754,0.006096,0
2018-09-23 11:00:00,167.94262295082,417.380327868852,17.2,99.9,1.80712416721311,0,0
2018-09-23 12:00:00,202.826229508197,421.003278688525,17.42,99.8,1.12214239836066,0,0
2018-09-23 13:00:00,151.490163934426,425.444262295082,17.98,94.7,1.16881735163934,0,0
2018-09-23 14:00:00,111.961147540984,425.939344262295,17.87,96.3,0.797819252295082,0,0
2018-09-23 15:00:00,113.432950819672,426.131147540984,17.82,96,0.970476325081967,0,0
2018-09-23 16:00:00,30.6150819672131,423.508196721311,17.7,97.3,0.943655621147541,0,0
2018-09-23 17:00:00,9.36755737704918,420.488524590164,17.63,97.6,1.12166580231148,0,0
2018-09-23 18:00:00,0.046,417.632786885246,17.66,97.1,1.52065787672131,0,0
2018-09-23 19:00:00,0,415.203278688525,17.43,97.8,1.91682680704918,0,0
2018-09-23 20:00:00,0,412.686885245902,17,99.7,1.74184153442623,0,0
2018-09-23 21:00:00,0,411.785245901639,16.84,99.8,1.28607317262295,0,0
2018-09-23 22:00:00,0,411.498360655738,17.05,96.7,1.15979770868852,0,0
2018-09-23 23:00:00,0,410.388524590164,16.43,99.9,1.55699319508197,0,0
2018-09-24 00:00:00,0,408.32131147541,16.35,99.8,1.77280536721311,0,0
2018-09-24 01:00:00,0,406.859016393443,16.4,99.8,1.45165370983607,0,0
2018-09-24 02:00:00,0,406.811475409836,16.42,99.4,0.862496899180328,0,0
2018-09-24 03:00:00,0,406.37868852459,16.71,97.8,0.651157911967213,0,0
2018-09-24 04:00:00,0,405.909836065574,16.38,98.7,1.96177855901639,0,0
2018-09-24 05:00:00,0,405.249180327869,16.3,97.5,1.53330741885246,0,0
2018-09-24 06:00:00,5.67985245901639,405.218032786885,16.26,99,1.42006656983607,0,0
2018-09-24 07:00:00,27.3144262295082,406.004918032787,16.13,99.7,1.39311751147541,0,0
2018-09-24 08:00:00,84.9354098360656,405.619672131148,16.14,99.8,1.91569014098361,0,0
2018-09-24 09:00:00,151.357627118644,406.457627118644,16.41,98.3,1.68202580338983,0,0
2018-09-24 10:00:00,105.166557377049,407.704918032787,16.73,96.7,1.5660312295082,0,0
2018-09-24 11:00:00,125.988032786885,410.6,16.89,97.7,1.77227369672131,0,0
2018-09-24 12:00:00,118.031967213115,412.827868852459,17.3,96.9,2.27979520327869,0,0
2018-09-24 13:00:00,92.7460655737705,414.609836065574,17.35,97.3,1.52846761639344,0,0
2018-09-24 14:00:00,55.3086885245902,416.665573770492,17.39,99.7,0.999423543114754,0,0
2018-09-24 15:00:00,44.1159016393443,417.016393442623,17.43,99.8,1.43214782034426,0,0
2018-09-24 16:00:00,36.5059016393443,416.088524590164,17.57,99.8,1.68748514590164,0,0
2018-09-24 17:00:00,5.75926229508197,415.749180327869,17.65,99.8,1.6578961647541,0,0
2018-09-24 18:00:00,0.0631639344262295,415.416393442623,17.59,99.8,1.51823798852459,0,0
2018-09-24 19:00:00,0,415.454098360656,17.76,99.9,1.55996312622951,0,0
2018-09-24 20:00:00,0,415.914754098361,17.86,99.9,1.57571093721311,0.006096,0
2018-09-24 21:00:00,0,416.545901639344,18.06,99.9,0.914671608196721,0.006096,0
2018-09-24 22:00:00,0,417.622950819672,17.97,99.8,0.761538904311475,0.006096,0
2018-09-24 23:00:00,0,418.495081967213,18,99.8,0.818975140491803,0,0
2018-09-25 00:00:00,0,419.701639344262,18.18,99.8,0.948293752131148,0,0
2018-09-25 01:00:00,0,420.386885245902,18.26,99.9,0.90425869852459,0,0
2018-09-25 02:00:00,0,420.926229508197,18.41,99.9,0.897713950491803,0,0
2018-09-25 03:00:00,0,420.473770491803,18.39,99.9,0.633815258934426,0.018288,0
2018-09-25 04:00:00,0,419.77868852459,18.25,99.9,0.271286775737705,0.006096,0
2018-09-25 05:00:00,0,419.980327868852,18.4,99.9,0.815638624590164,0.006096,0
2018-09-25 06:00:00,12.4739180327869,420.909836065574,18.34,99.9,0.436225766770492,0,0
2018-09-25 07:00:00,38.6724590163934,422.993442622951,18.41,99.9,0.694533000655738,0,0
2018-09-25 08:00:00,64.92,425.322950819672,18.74,100,0.896210667868853,0,0
2018-09-25 09:00:00,119.414754098361,429.35737704918,19.35,100,1.33566298163934,0,0
2018-09-25 10:00:00,143.083606557377,432.204918032787,20.22,100,1.30710067868852,0,0
2018-09-25 11:00:00,196.813114754098,435.690163934426,20.75,100,1.61184462459016,0,0
2018-09-25 12:00:00,195.822950819672,440.15737704918,20.87,100,1.67996877704918,0,0
2018-09-25 13:00:00,327.447540983607,431.777049180328,21.26,100,1.63987523770492,0,0
2018-09-25 14:00:00,533.767213114754,393.890163934426,25.75,91.7,1.56056813442623,0,0
2018-09-25 15:00:00,194.162295081967,425.098360655738,24.56,86,1.242881348,0,0
2018-09-25 16:00:00,142.088196721311,417.124590163934,23.31,93.1,1.06919759983607,0,0
2018-09-25 17:00:00,40.3844262295082,434.995081967213,23.34,91.2,0.43710572152459,0,0
2018-09-25 18:00:00,1.84622950819672,411.309836065574,23.24,96.5,0.423447902426229,0,0
2018-09-25 19:00:00,0,393.627868852459,22.79,100,0.503433326885246,0,0
2018-09-25 20:00:00,0,384.791803278689,21.69,100,0.494211975737705,0,0
2018-09-25 21:00:00,0,378.345901639344,22.24,100,0.870599936557377,0,0
2018-09-25 22:00:00,0,372.844262295082,20.67,100,0.81186206852459,0,0
2018-09-25 23:00:00,0,369.845901639344,19.42,100,1.14212508131148,0,0
2018-09-26 00:00:00,0,369.518032786885,18.97,100,0.876723008196721,0,0
2018-09-26 01:00:00,0,374.224590163934,18.85,100,0.96187823442623,0,0
2018-09-26 02:00:00,0,374.563934426229,18.73,100,1.10056494098361,0,0
2018-09-26 03:00:00,0,370.206557377049,18.59,100,1.16368429836066,0,0
2018-09-26 04:00:00,0,367.393442622951,18.53,100,1.25573261409836,0,0
2018-09-26 05:00:00,0,367.460655737705,18.28,99.9,1.51743133278689,0,0
2018-09-26 06:00:00,11.0442786885246,368.193442622951,18.1,100,1.61648270491803,0,0
2018-09-26 07:00:00,40.3755737704918,370.895081967213,18.25,100,1.12393901803279,0,0
2018-09-26 08:00:00,149.164426229508,384.490163934426,19.72,99.9,0.968661375409836,0,0
2018-09-26 09:00:00,549.573770491803,399.870491803279,24.06,88.3,1.07319423508197,0,0
2018-09-26 10:00:00,736.4,408.23606557377,24.41,74.04,1.52236283078689,0,0
2018-09-26 11:00:00,721.232786885246,409.755737704918,27.1,68.55,1.51389312786885,0,0
2018-09-26 12:00:00,615.155737704918,435.780327868852,28.43,70.22,2.06299310983607,0,0
2018-09-26 13:00:00,226.911475409836,459.211475409836,28.74,71.89,1.05693316688525,0.006096,0
2018-09-26 14:00:00,191.924590163934,461.695081967213,25.85,94.5,0.956855124754098,0,0
2018-09-26 15:00:00,111.702131147541,451.547540983607,25.74,84.8,1.75324444262295,0,0
2018-09-26 16:00:00,124.130491803279,429.545901639344,24.24,80.8,1.53176750163934,0,0
2018-09-26 17:00:00,33.2874098360656,411.116393442623,23.38,87.4,1.78002849016393,0,0
2018-09-26 18:00:00,0.242459016393443,415.752459016393,23.27,85.9,1.5251310704918,0,0
2018-09-26 19:00:00,0,406.136065573771,22.91,91.1,1.66772257213115,0,0
2018-09-26 20:00:00,0.0420491803278689,412.708196721311,22.17,89,1.34972416721311,0,0
2018-09-26 21:00:00,0.0175737704918033,413.559016393443,21.43,96,1.70464454754098,0,0
2018-09-26 22:00:00,0,417.596721311475,21.77,94.6,0.82896645557377,0,0
2018-09-26 23:00:00,0,414.091803278689,21.36,96.6,1.36352866885246,0,0
2018-09-27 00:00:00,0,413.116393442623,21.24,98.9,1.96152186885246,0,0
2018-09-27 01:00:00,0,412.72131147541,21.43,100,2.62705259016393,0,0
2018-09-27 02:00:00,0,411.7,21.19,99.7,2.64151701639344,0,0
2018-09-27 03:00:00,0,414.477049180328,20.96,98.3,2.4849011147541,0,0
2018-09-27 04:00:00,0,414.491803278689,20.92,96.7,1.85444071803279,0,0
2018-09-27 05:00:00,0.0514262295081967,424.888524590164,20.78,98.3,0.714185627262295,0,0
2018-09-27 06:00:00,0.352131147540984,428.859016393443,21.19,95.6,1.38343791639344,0.048768,0
2018-09-27 07:00:00,16.1213770491803,425.818032786885,20.82,99.4,1.93904600327869,0.048768,0
2018-09-27 08:00:00,37.7745901639344,422.052459016393,19.63,98,1.60573979016393,0.085344,0
2018-09-27 09:00:00,118.295409836066,417.311475409836,18.79,99.6,2.42764820491803,0.054864,0
2018-09-27 10:00:00,169.854098360656,406.055737704918,16.31,94.9,2.94976245901639,0.073152,0
2018-09-27 11:00:00,182.610983606557,403.965573770492,16.34,94.2,3.2479065852459,0.006096,0
2018-09-27 12:00:00,96.4631147540984,405.322950819672,16.15,96.4,1.9862892442623,0.024384,0
2018-09-27 13:00:00,127.559016393443,404.859016393443,16.93,98.9,1.53217084918033,0.006096,0
2018-09-27 14:00:00,95.1290163934426,406.659016393443,16.22,98.2,1.41388845934426,0,0
2018-09-27 15:00:00,74.9949180327869,408.018032786885,16.24,98.1,1.42518136983607,0,0
2018-09-27 16:00:00,28.957868852459,406.254098360656,16.12,100,1.17105394754098,0,0
2018-09-27 17:00:00,7.16704918032787,404.339344262295,15.85,100,1.27626519016393,0,0
2018-09-27 18:00:00,0.00519672131147541,402.740983606557,15.61,100,1.63261544918033,0,0
2018-09-27 19:00:00,0,401.572131147541,15.4,100,1.40004728032787,0.018288,0
2018-09-27 20:00:00,0,400.744262295082,15.01,100,1.0603429842623,0.036576,0
2018-09-27 21:00:00,0,400.403278688525,14.92,100,0.999331899016393,0.012192,0
2018-09-27 22:00:00,0.00134426229508197,401.1,15.02,100,1.86008717737705,0.054864,0
2018-09-27 23:00:00,0,403.340983606557,15.7,100,0.276126593901639,0.036576,0
2018-09-28 00:00:00,0.00227868852459016,404.801639344262,16.19,100,0.915936601311475,0.03048,0
2018-09-28 01:00:00,0,404.250819672131,16.05,100,1.27516516721311,0.006096,0
2018-09-28 02:00:00,0,404.227868852459,15.9,100,1.1956013952459,0,0
2018-09-28 03:00:00,0,405.816393442623,16,100,1.33267472295082,0,0
2018-09-28 04:00:00,0.0510819672131148,408.067213114754,17.8,100,1.95649867459016,0,0
2018-09-28 05:00:00,0,407.501639344262,17.49,100,2.5667197704918,0,0
2018-09-28 06:00:00,15.9795737704918,401.719672131148,17.69,99.7,3.51160368852459,0,0
2018-09-28 07:00:00,89.3419672131148,388.167213114754,17.6,95.3,3.86894390163934,0,0
2018-09-28 08:00:00,285.090163934426,356.173770491803,18.01,87.2,4.97917021311475,0,0
2018-09-28 09:00:00,544.968852459016,351.063934426229,19.02,81.9,6.52516380327869,0,0
2018-09-28 10:00:00,651.793442622951,357.313114754098,20.85,77.71,5.89105529508197,0,0
2018-09-28 11:00:00,572.983606557377,363.214754098361,20.28,71.37,5.20528526229508,0,0
2018-09-28 12:00:00,767.049180327869,357.685245901639,21.5,70.37,2.45457890819672,0,0
2018-09-28 13:00:00,766.87868852459,358.396721311475,23.91,68.5,1.87024348360656,0,0
2018-09-28 14:00:00,647.290163934426,361.744262295082,23.79,61.88,1.68827344098361,0,0
2018-09-28 15:00:00,489.64262295082,357.111475409836,22.64,62.91,1.11438769278689,0,0
2018-09-28 16:00:00,90.4398360655738,372.065573770492,21.64,77.15,1.30944726721311,0,0
2018-09-28 17:00:00,32.6389016393443,364.962295081967,23.2,89.9,1.57792916229508,0,0
2018-09-28 18:00:00,0.776393442622951,352.650819672131,21.14,97.9,2.05043526229508,0,0
2018-09-28 19:00:00,0,344.12131147541,18.25,99.1,2.03105759016393,0,0
2018-09-28 20:00:00,0,340.085245901639,17.43,100,2.22545726229508,0,0
2018-09-28 21:00:00,0,339.116393442623,17.49,100,2.01978303278689,0,0
2018-09-28 22:00:00,0,340.326229508197,16.4,100,2.27711868852459,0,0
2018-09-28 23:00:00,0,340.444262295082,16.17,100,2.14499519672131,0,0
2018-09-29 00:00:00,0,342.909836065574,16.28,99.9,2.46438683606557,0,0
2018-09-29 01:00:00,0,340.267213114754,16.35,100,2.38993780327869,0,0
2018-09-29 02:00:00,0,340.611475409836,16.14,100,1.87851155737705,0,0
2018-09-29 03:00:00,0,346.216393442623,17.34,100,3.31054924590164,0,0
2018-09-29 04:00:00,0,337.691803278688,16.36,99.8,3.30629613114754,0,0
2018-09-29 05:00:00,0,336.532786885246,16.11,100,3.59441226229508,0,0
2018-09-29 06:00:00,5.21113114754098,334.162295081967,16.11,98.1,1.71294918163934,0,0
2018-09-29 07:00:00,29.4613114754098,334.52131147541,15.87,99.9,1.02655589967213,0,0
2018-09-29 08:00:00,214.263770491803,339.362295081967,16.5,98,2.26586239344262,0,0
2018-09-29 09:00:00,569.980327868852,356.383606557377,19.86,78.69,3.02250652459016,0,0
2018-09-29 10:00:00,520.14262295082,395.291803278689,21.95,75.62,3.55996521311475,0,0
2018-09-29 11:00:00,703.531147540984,378.990163934426,22.71,73.23,4.15999340983607,0,0
2018-09-29 12:00:00,690.534426229508,399.22131147541,22.49,70.8,3.81286431147541,0,0
2018-09-29 13:00:00,713.883606557377,398.714754098361,22.64,66.08,3.70756147540984,0,0
2018-09-29 14:00:00,467.813114754098,410.106557377049,23.19,62.76,2.38592301311475,0,0
2018-09-29 15:00:00,342.496393442623,370.490163934426,22.68,68.19,2.45881368852459,0,0
2018-09-29 16:00:00,94.007868852459,363.434426229508,22.67,62.16,2.87896178688525,0,0
2018-09-29 17:00:00,32.2827868852459,357.701639344262,20.72,81.6,2.26672403278689,0,0
2018-09-29 18:00:00,0.0533114754098361,348.577049180328,18.74,91.5,1.92285819836066,0,0
2018-09-29 19:00:00,0,339.17868852459,17.34,98.7,2.82093885245902,0,0
2018-09-29 20:00:00,0,336.759016393443,16.51,98.9,2.36870867213115,0,0
2018-09-29 21:00:00,0,335.395081967213,15.68,99.2,2.83765819672131,0,0
2018-09-29 22:00:00,0,339.232786885246,15.54,99.7,2.29303144262295,0,0
2018-09-29 23:00:00,0,334.373770491803,15.48,100,2.07448769344262,0,0
2018-09-30 00:00:00,0,337.309836065574,15.37,100,1.78237506557377,0,0
2018-09-30 01:00:00,0,337.706557377049,15.68,100,1.48349753278689,0,0
2018-09-30 02:00:00,0,346.159016393443,15.79,100,1.22750028032787,0,0
2018-09-30 03:00:00,0,394.972131147541,16.1,100,1.03038742508197,0,0
2018-09-30 04:00:00,0,401.068852459016,16.61,99.9,0.965104814590164,0,0
2018-09-30 05:00:00,0,379.340983606557,17.51,100,0.340840906393443,0,0
2018-09-30 06:00:00,17.0506557377049,372.977049180328,17.16,100,0.692864758852459,0,0
2018-09-30 07:00:00,72.0047540983606,394.5,17.16,100,0.633998574590164,0,0
2018-09-30 08:00:00,190.059016393443,403.749180327869,18.46,97.5,1.17543547573771,0,0
2018-09-30 09:00:00,292.272131147541,410.947540983607,19.6,94.1,1.3421894042623,0,0
2018-09-30 10:00:00,303.82131147541,420.618032786885,20.14,92.5,1.68961173934426,0,0
2018-09-30 11:00:00,392.850819672131,423.026229508197,20.46,91.1,1.88408462442623,0,0
2018-09-30 12:00:00,152.873770491803,429.495081967213,19.38,95.7,1.67545893770492,0,0
2018-09-30 13:00:00,125.480327868852,425.793442622951,19.53,95.9,1.78294335081967,0,0
2018-09-30 14:00:00,144.154590163934,421.785245901639,19.54,94.9,1.39117425901639,0,0
2018-09-30 15:00:00,118.766393442623,421.098360655738,20.02,92.1,0.996068675409836,0,0
2018-09-30 16:00:00,85.2854098360656,418.985245901639,20.62,90.1,1.14546158852459,0,0
2018-09-30 17:00:00,17.1704918032787,426.349180327869,20.49,90.6,0.842385943770492,0,0
2018-09-30 18:00:00,0.0132950819672131,423.029508196721,20.24,92.8,0.565306050459016,0,0
2018-09-30 19:00:00,0,399.995081967213,20.2,93.2,0.854467193852459,0,0
2018-09-30 20:00:00,0,410.72131147541,19.9,96,0.547065079803279,0,0
2018-09-30 21:00:00,0,403.363934426229,19.72,95.6,0.723718609836066,0,0
2018-09-30 22:00:00,0,389.27868852459,19.41,96.6,0.227985009508197,0,0
2018-09-30 23:00:00,0,373.108196721311,18.73,99.3,0.182043362065574,0,0
2018-10-01 00:00:00,0.0404426229508197,395.272131147541,18.44,100,0.361190180655738,0,0
2018-10-01 01:00:00,0,396.722950819672,18.35,100,0.68047186095082,0,0
2018-10-01 02:00:00,0,391.018032786885,18.34,100,0.145194705819672,0,0
2018-10-01 03:00:00,0,391.062295081967,18.41,99.9,0.505101582131148,0,0
2018-10-01 04:00:00,0,405.388524590164,18.18,100,0.375379652786885,0,0
2018-10-01 05:00:00,0,400.449180327869,18.41,100,0.56669935,0,0
2018-10-01 06:00:00,11.8630983606557,374.077049180328,18.22,99.9,0.517146162295082,0,0
2018-10-01 07:00:00,59.7132786885246,362.070491803279,17.71,99.8,0.596141590163934,0,0
2018-10-01 08:00:00,186.570819672131,362.459016393443,18.6,99.7,0.937367516065574,0,0
2018-10-01 09:00:00,554.903278688525,378.496721311475,21.24,86.1,2.40794056229508,0,0
2018-10-01 10:00:00,598.501639344262,383.893442622951,21.84,83.9,1.99651879180328,0,0
2018-10-01 11:00:00,638.988524590164,392.318032786885,22.98,74.63,1.92766134016393,0,0
2018-10-01 12:00:00,707.960655737705,399.111475409836,24.08,72.18,1.76803889619672,0,0
2018-10-01 13:00:00,686.55737704918,398.455737704918,25.46,64.99,1.66475270163934,0,0
2018-10-01 14:00:00,580.399016393443,394.452459016393,26.22,63.05,1.61655603278689,0,0
2018-10-01 15:00:00,401.180163934426,395.240983606557,25.49,67.61,1.28403822131148,0,0
2018-10-01 16:00:00,65.2665573770492,401.086885245902,25.43,69.63,1.26601716885246,0,0
2018-10-01 17:00:00,16.0915573770492,394.988524590164,24.32,75.96,0.616545836229508,0,0
2018-10-01 18:00:00,0,394.150819672131,22,93.7,0.426637778,0,0
2018-10-01 19:00:00,0,383.373770491803,20.94,95.8,0.115110806409836,0,0
2018-10-01 20:00:00,0,380.563934426229,20.29,97.3,0.277978202639344,0,0
2018-10-01 21:00:00,0,375.706557377049,20.41,98.4,0.850525631147541,0,0
2018-10-01 22:00:00,0,367.740983606557,20.04,100,1.01953450655738,0,0
2018-10-01 23:00:00,0,366.291803278689,19.71,100,1.14874314918033,0,0
2018-10-02 00:00:00,0,366.186885245902,19.13,100,1.58337397868852,0,0
2018-10-02 01:00:00,0,365.562295081967,18.57,100,1.68189373442623,0,0
2018-10-02 02:00:00,0,375.945901639344,18.04,99.8,1.77964340983607,0,0
2018-10-02 03:00:00,0,374.285245901639,18.19,99.7,1.6345953557377,0,0
2018-10-02 04:00:00,0,369.055737704918,18.23,99.8,2.14246519672131,0,0
2018-10-02 05:00:00,0,371.872131147541,18.11,99.8,1.78571150327869,0,0
2018-10-02 06:00:00,12.3253606557377,374.381967213115,17.79,99.7,1.56854279508197,0,0
2018-10-02 07:00:00,81.1250819672131,381.855737704918,18.02,99.8,1.19686635737705,0,0
2018-10-02 08:00:00,185.716721311475,370.359016393443,19.28,99.6,0.761978887918033,0,0
2018-10-02 09:00:00,524.465573770492,384.090163934426,22.03,81.7,1.37725979344262,0,0
2018-10-02 10:00:00,525.267213114754,410.365573770492,24.5,72.95,1.22225712163934,0,0
2018-10-02 11:00:00,540.803278688525,409.695081967213,25.16,74.38,1.19541811508197,0,0
2018-10-02 12:00:00,442.147540983607,431,25.85,68.89,1.1437566647541,0,0
2018-10-02 13:00:00,480.270491803279,427.683606557377,26.9,66.93,2.02310121147541,0,0
2018-10-02 14:00:00,294.457704918033,442.119672131148,26.47,72.57,1.84950920327869,0,0
2018-10-02 15:00:00,132.224098360656,449.852459016393,24.82,80.1,0.975517791852459,0,0
2018-10-02 16:00:00,104.299344262295,411.419672131148,23.69,90.5,0.666300735245902,0,0
2018-10-02 17:00:00,21.9140491803279,395.255737704918,23.9,74.98,0.789752875409836,0,0
2018-10-02 18:00:00,0,385.586885245902,21.66,96.2,0.972217908360656,0,0
2018-10-02 19:00:00,0,385.037704918033,21.09,97.5,1.8026692704918,0,0
2018-10-02 20:00:00,0,378.144262295082,20.3,98.9,1.42791291032787,0,0
2018-10-02 21:00:00,0,374.608196721311,20.33,100,1.83533815409836,0,0
2018-10-02 22:00:00,0,371.318032786885,21.76,92.6,2.12138265245902,0,0
2018-10-02 23:00:00,0,370.895081967213,21.19,89.6,2.38991955573771,0,0
2018-10-03 00:00:00,0,370.660655737705,21.11,87,1.35493060636066,0,0
2018-10-03 01:00:00,0,367.754098360656,20.4,94.5,2.24890466557377,0,0
2018-10-03 02:00:00,0,365.780327868852,21.09,85.5,4.20080191967213,0,0
2018-10-03 03:00:00,0,367.770491803279,20.67,87.1,3.36215575409836,0,0
2018-10-03 04:00:00,0,366.544262295082,20.73,84.7,3.71548125081967,0,0
2018-10-03 05:00:00,0,366.393442622951,20.72,84.7,3.6301243442623,0,0
2018-10-03 06:00:00,10.4870983606557,366.081967213115,20.28,89.9,3.84963967213115,0,0
2018-10-03 07:00:00,50.6113114754098,366.14262295082,20.31,90.4,3.87919190163934,0,0
2018-10-03 08:00:00,179.86393442623,368.831147540984,21.16,81.7,2.48689938360656,0,0
2018-10-03 09:00:00,535.193442622951,382.32131147541,22.4,78.02,1.75428936557377,0,0
2018-10-03 10:00:00,624.045901639344,392.944262295082,23.69,72.32,1.44199240377049,0,0
2018-10-03 11:00:00,655.081967213115,401.488524590164,25.47,69.93,1.29456114081967,0,0
2018-10-03 12:00:00,636.554098360656,409.754098360656,25.93,68.63,1.08340552393443,0,0
2018-10-03 13:00:00,546.503278688525,421.408196721311,26.87,65.2,1.25212103442623,0,0
2018-10-03 14:00:00,317.468852459016,432.296721311475,27.19,62.57,0.838921098409836,0,0
2018-10-03 15:00:00,234.083606557377,424.773770491803,24.71,84.3,0.870489937704918,0,0
2018-10-03 16:00:00,90.885737704918,409.170491803279,26.28,77.86,0.844090898360656,0,0
2018-10-03 17:00:00,40.299737704918,411.440983606557,23.9,89.6,0.759907304918033,0,0
2018-10-03 18:00:00,0.105803278688525,413.344262295082,22.6,90,1.16460084590164,0,0
2018-10-03 19:00:00,0,394.947540983607,21.71,95.9,1.23278006721311,0,0
2018-10-03 20:00:00,0,383.473770491803,21.02,98.3,1.43319275409836,0,0
2018-10-03 21:00:00,0,390.07868852459,20.58,99.4,1.54175880819672,0,0
2018-10-03 22:00:00,0,377.152459016393,20.42,99.5,1.55002688196721,0,0
2018-10-03 23:00:00,0,372.159016393443,20.11,100,1.6855785442623,0,0
2018-10-04 00:00:00,0,369.604918032787,20.02,100,2.07536763934426,0,0
2018-10-04 01:00:00,0,367.25737704918,20.54,100,2.25438621311475,0,0
2018-10-04 02:00:00,0,368.863934426229,20.54,100,1.56146645245902,0,0
2018-10-04 03:00:00,0,370.867213114754,20.09,99.3,1.85466069180328,0,0
2018-10-04 04:00:00,0,371.814754098361,20.92,92.6,2.60039689836066,0,0
2018-10-04 05:00:00,0,367.059016393443,21.76,82.8,3.33535337704918,0,0
2018-10-04 06:00:00,7.19204918032787,362.545901639344,21.01,86.6,3.09240890163934,0,0
2018-10-04 07:00:00,39.5275409836066,361.516393442623,21.56,82.8,3.69947680327869,0,0
2018-10-04 08:00:00,191.760983606557,371.704918032787,22,78.7,3.11580139344262,0,0
2018-10-04 09:00:00,551.481967213115,388.244262295082,22.76,76.49,1.50170192377049,0,0
2018-10-04 10:00:00,678.880327868852,399.734426229508,25.37,71.47,1.71355421967213,0,0
2018-10-04 11:00:00,755.480327868852,405.8,28.07,68.14,1.80646420163934,0,0
2018-10-04 12:00:00,697.419672131148,420.422950819672,27.83,60.99,1.87191175409836,0,0
2018-10-04 13:00:00,811.237704918033,433.562295081967,28.32,52.62,1.97530797704918,0,0
2018-10-04 14:00:00,625.618032786885,416.562295081967,27.88,54.94,2.04708036721311,0,0
2018-10-04 15:00:00,425.23606557377,405.032786885246,28.6,48.76,1.49697207704918,0,0
2018-10-04 16:00:00,129,420.867213114754,25.61,58.75,1.33234477377049,0,0
2018-10-04 17:00:00,40.4050327868852,423.386885245902,24.39,78.7,1.8912894295082,0,0
2018-10-04 18:00:00,0.353311475409836,410.42131147541,23.15,87.8,2.1883702295082,0,0
2018-10-04 19:00:00,0,394.227868852459,22.42,91.3,3.19045203278689,0,0
2018-10-04 20:00:00,0,389.634426229508,21.67,94,3.14575703278689,0,0
2018-10-04 21:00:00,0.063016393442623,392.608196721311,21.76,95.5,2.76986402786885,0,0
2018-10-04 22:00:00,0.000983606557377049,411.904918032787,22.79,84.9,3.06406662295082,0,0
2018-10-04 23:00:00,0.152065573770492,409.681967213115,21.38,95.8,2.38214647540984,0,0
2018-10-05 00:00:00,0,394.554098360656,23.51,76.05,3.50084242622951,0,0
2018-10-05 01:00:00,0,397.127868852459,23.31,78.01,4.04506590163934,0,0
2018-10-05 02:00:00,0,392.414754098361,23.15,79.41,3.31271254098361,0,0
2018-10-05 03:00:00,0,390.114754098361,21.91,88.7,3.68701059016393,0,0
2018-10-05 04:00:00,0,388.865573770492,22.18,85.4,3.37234875409836,0,0
2018-10-05 05:00:00,0,397.401639344262,20.95,94.3,1.61052461639344,0,0
2018-10-05 06:00:00,10.1492950819672,388.696721311475,20.42,97.1,2.97504318032787,0,0
2018-10-05 07:00:00,76.5665573770492,402.749180327869,21.17,92.9,2.90347252459016,0,0
2018-10-05 08:00:00,179.434426229508,393.967213114754,22.01,90.3,1.95400538852459,0,0
2018-10-05 09:00:00,213.219672131148,432.168852459016,23.86,78.15,0.648628059688525,0,0
2018-10-05 10:00:00,379.913114754098,433.681967213115,23.4,83.3,0.944022272786885,0,0
2018-10-05 11:00:00,164.865573770492,447.76393442623,25.49,75.31,0.653431188196721,0,0
2018-10-05 12:00:00,237.008196721311,441.485245901639,25.3,78.82,0.655337769196721,0,0
2018-10-05 13:00:00,404.360655737705,436.513114754098,25.94,74.94,1.46501827704918,0,0
2018-10-05 14:00:00,552.33606557377,416.380327868852,24.86,81.1,2.17649065,0,0
2018-10-05 15:00:00,260.384262295082,415.206557377049,26.22,69.29,1.08516545245902,0,0
2018-10-05 16:00:00,93.5162295081967,452.214754098361,25.08,86.1,1.05451326016393,0,0
2018-10-05 17:00:00,39.8825245901639,430.701639344262,23.86,92.2,0.940429073442623,0,0
2018-10-05 18:00:00,0,416.427868852459,24.14,88.7,0.751107629032787,0,0
2018-10-05 19:00:00,0,413.270491803279,23.3,92.4,1.53028250639344,0,0
2018-10-05 20:00:00,0,417.918032786885,22.38,93.8,1.55136513114754,0,0
2018-10-05 21:00:00,0,408.483606557377,21.77,94.1,1.57272268360656,0,0
2018-10-05 22:00:00,0,428.309836065574,21.34,98,1.55664491803279,0,0
2018-10-05 23:00:00,0,435.640983606557,20.98,99.6,1.39925902295082,0,0
2018-10-06 00:00:00,0,435.46393442623,20.71,99.6,1.22194543639344,0,0
2018-10-06 01:00:00,0,435.3,20.57,99.6,1.27010533442623,0,0
2018-10-06 02:00:00,0,433.824590163934,20.33,99.7,1.16553587262295,0,0
2018-10-06 03:00:00,0,433.167213114754,20.12,99.7,1.24959111786885,0,0
2018-10-06 04:00:00,0,429.547540983607,20.17,99.7,1.07244258081967,0,0
2018-10-06 05:00:00,0,430.845901639344,19.98,99.7,1.11759587262295,0,0
2018-10-06 06:00:00,3.39422950819672,430.039344262295,19.87,99.8,0.871424918852459,0,0
2018-10-06 07:00:00,43.3124590163934,428.473770491803,19.65,100,0.72516691704918,0,0
2018-10-06 08:00:00,130.190163934426,428.072131147541,19.78,99.8,1.33315140001639,0,0
2018-10-06 09:00:00,136.243606557377,430.639344262295,19.88,99.9,1.8565672852459,0,0
2018-10-06 10:00:00,143.627868852459,431.190163934426,20.11,99.8,1.33386634918033,0,0
2018-10-06 11:00:00,204.65737704918,432.709836065574,20.72,95.6,1.41159689491803,0,0
2018-10-06 12:00:00,151.419672131148,436.724590163934,21.45,91.7,1.39559248852459,0,0
2018-10-06 13:00:00,249.236065573771,435.355737704918,21.69,91.2,1.60977298688525,0,0
2018-10-06 14:00:00,244.883606557377,438.560655737705,22.18,88.5,1.82171692459016,0,0
2018-10-06 15:00:00,125.015901639344,442.760655737705,22.63,86.9,1.71535074754098,0,0
2018-10-06 16:00:00,66.1740983606557,432.134426229508,22.57,89.5,1.26753879508197,0,0
2018-10-06 17:00:00,10.5375901639344,435.640983606557,22.28,92,0.892360831147541,0,0
2018-10-06 18:00:00,0.0080327868852459,432.322950819672,22.06,93.9,0.689399894918033,0,0
2018-10-06 19:00:00,0,427.045901639344,21.85,96.1,0.623457260163934,0,0
2018-10-06 20:00:00,0,429.111475409836,21.74,97.3,0.42656445442623,0,0
2018-10-06 21:00:00,0,435.352459016393,21.63,97.7,1.32946647868852,0,0
2018-10-06 22:00:00,0,430.695081967213,21.46,96.9,0.600431438,0,0
2018-10-06 23:00:00,0,437.070491803279,21.16,98.2,0.715707235245902,0,0
2018-10-07 00:00:00,0,436.603278688525,21.42,96.8,0.317943409360656,0,0
2018-10-07 01:00:00,0,429.177049180328,21.47,96.5,0.366891632131148,0,0
2018-10-07 02:00:00,0,415.386885245902,21.2,98.5,0.577570604262295,0,0
2018-10-07 03:00:00,0,385.901639344262,20.6,99.1,0.710592440327869,0,0
2018-10-07 04:00:00,0,390.345901639344,19.97,99.6,1.26068239152459,0,0
2018-10-07 05:00:00,0,377.172131147541,19.81,99.7,1.49781537704918,0,0
2018-10-07 06:00:00,9.23218032786885,375.337704918033,19.34,99.9,1.54456373114754,0,0
2018-10-07 07:00:00,47.7911475409836,375.683606557377,19.53,100,1.00188014754098,0,0
2018-10-07 08:00:00,212.4,381.940983606557,20.62,99.8,1.28075666721311,0,0
2018-10-07 09:00:00,504.111475409836,394.362295081967,22.82,85.6,0.917476553278688,0,0
2018-10-07 10:00:00,649.124590163934,401.903278688525,24.52,79.68,1.12729393409836,0,0
2018-10-07 11:00:00,724.565573770492,416.544262295082,27.58,76.87,2.8028627704918,0,0
2018-10-07 12:00:00,668.155737704918,418.475409836066,28.38,71.32,1.84179117868852,0,0
2018-10-07 13:00:00,213.777049180328,440.955737704918,27.36,73.42,0.868051686885246,0,0
2018-10-07 14:00:00,386.768852459016,438.326229508197,25.83,86,1.39225590163934,0,0
2018-10-07 15:00:00,128.399344262295,435.063934426229,25.85,85.9,1.00582167377049,0,0
2018-10-07 16:00:00,59.8677049180328,417.33606557377,25.63,90.7,0.856428802459016,0,0
2018-10-07 17:00:00,17.0562295081967,404.47868852459,24.98,90.4,0.937349193409836,0,0
2018-10-07 18:00:00,0,398.231147540984,23.88,94.3,0.63966335147541,0,0
2018-10-07 19:00:00,0,393.932786885246,22.95,96.3,0.884312747540984,0,0
2018-10-07 20:00:00,0,390.173770491803,22.28,96.5,1.49532217540984,0,0
2018-10-07 21:00:00,0,387.6,21.69,98,1.58060567704918,0,0
2018-10-07 22:00:00,0,387.547540983607,21.52,99.1,0.889115899180328,0,0
2018-10-07 23:00:00,0,398.268852459016,21.47,99.3,1.17706710491803,0,0
2018-10-08 00:00:00,0,404.780327868852,21.12,99.5,1.34825749672131,0,0
2018-10-08 01:00:00,0,401.418032786885,21.09,99.5,1.32306845737705,0,0
2018-10-08 02:00:00,0,404.298360655738,20.95,99.6,1.41687663114754,0,0
2018-10-08 03:00:00,0,409.886885245902,20.67,99.5,1.25782252622951,0,0
2018-10-08 04:00:00,0,383.683606557377,20.62,99.6,1.15499457540984,0,0
2018-10-08 05:00:00,0,376.577049180328,20.32,99.7,1.3388345557377,0,0
2018-10-08 06:00:00,8.67585245901639,377.231147540984,19.83,99.8,1.66240605901639,0,0
2018-10-08 07:00:00,63.4745901639344,397.893442622951,19.84,99.8,1.24392634508197,0,0
2018-10-08 08:00:00,176.416393442623,408.022950819672,20.74,99.7,0.835071229180328,0,0
2018-10-08 09:00:00,329.513114754098,421.927868852459,22.84,89.6,1.49660546393443,0,0
2018-10-08 10:00:00,386.931147540984,434.445901639344,23.88,83.8,1.62412749016393,0,0
2018-10-08 11:00:00,374.396721311475,440.965573770492,26.37,81.8,2.20184468852459,0,0
2018-10-08 12:00:00,626.05737704918,417.190163934426,25.68,82.4,2.00616185901639,0,0
2018-10-08 13:00:00,558.165573770492,423.575409836066,26.59,74.37,2.46046365508197,0,0
2018-10-08 14:00:00,482.222950819672,412.708196721311,26.24,73.71,2.24492651639344,0,0
2018-10-08 15:00:00,359.711475409836,407.040983606557,25.96,75.51,1.93112627540984,0,0
2018-10-08 16:00:00,142.021147540984,417.234426229508,26.22,69.11,1.12558897213115,0,0
2018-10-08 17:00:00,14.1177540983607,408.780327868852,25.31,82.4,0.655136136393443,0,0
2018-10-08 18:00:00,0,396.924590163934,22.65,91.3,0.684450054590164,0,0
2018-10-08 19:00:00,0.124688524590164,412.272131147541,21.77,92.3,0.828031501934426,0,0
2018-10-08 20:00:00,0,400.396721311475,23.02,82.4,1.18377684754098,0,0
2018-10-08 21:00:00,0,425.84262295082,22.72,83.6,1.2493161147541,0,0
2018-10-08 22:00:00,0,425.119672131148,22.4,85.7,1.55235511967213,0,0
2018-10-08 23:00:00,0,433.629508196721,21.82,89.6,1.42958118360656,0,0
2018-10-09 00:00:00,0,434.05737704918,21.18,94.5,1.58381393442623,0,0
2018-10-09 01:00:00,0,434.406557377049,20.7,96.1,1.40963527344262,0,0
2018-10-09 02:00:00,0,432.939344262295,20.35,98.9,1.49436886229508,0,0
2018-10-09 03:00:00,0,431.544262295082,20.23,99.6,1.14700153770492,0,0
2018-10-09 04:00:00,0,429.53606557377,20.01,99.6,1.16119100081967,0,0
2018-10-09 05:00:00,0,427.244262295082,19.88,99,0.976562742622951,0,0
2018-10-09 06:00:00,6.77922950819672,427.55737704918,19.79,98.5,1.34893579672131,0,0
2018-10-09 07:00:00,50.624262295082,416.222950819672,19.72,99.1,1.43453104098361,0,0
2018-10-09 08:00:00,110.631147540984,412.437704918033,19.94,95.7,1.29905261344262,0,0
2018-10-09 09:00:00,182.618032786885,425.640983606557,20.33,93.6,1.50157357213115,0,0
2018-10-09 10:00:00,248.52131147541,425.308196721311,21.05,90.3,1.79878275901639,0,0
2018-10-09 11:00:00,340.185245901639,427.929508196721,21.74,85.6,2.24239653278689,0,0
2018-10-09 12:00:00,296.586885245902,425.604918032787,22.46,80.5,2.01868310491803,0,0
2018-10-09 13:00:00,362.790163934426,414.893442622951,22.4,84.1,2.02187299016393,0,0
2018-10-09 14:00:00,402.191803278688,408.381967213115,23.14,79.26,1.52817431147541,0,0
2018-10-09 15:00:00,80.1793442622951,441.354098360656,24.29,74.19,1.42219320278689,0,0
2018-10-09 16:00:00,27.1968852459016,443.381967213115,22.4,84.9,1.37980802786885,0.042672,0
2018-10-09 17:00:00,9.85539344262295,438.985245901639,20.99,96.2,0.647143083934426,0.018288,0
2018-10-09 18:00:00,0,434.427868852459,20.98,97,1.05005838177049,0.067056,0
2018-10-09 19:00:00,0,432.359016393443,20.39,98.9,0.927999519508197,0,0
2018-10-09 20:00:00,0,432.262295081967,20.47,97.2,1.20418112131148,0,0
2018-10-09 21:00:00,0,430.850819672131,20.37,95.5,0.806050617786885,0,0
2018-10-09 22:00:00,0.0713606557377049,431.790163934426,20.52,94.3,1.29485443770492,0,0
2018-10-09 23:00:00,0,433.839344262295,20.64,97.7,1.57853413229508,0,0
2018-10-10 00:00:00,0,433.939344262295,20.45,99.6,2.19819656557377,0,0
2018-10-10 01:00:00,0,433.014754098361,20.2,99.6,2.34469291803279,0,0
2018-10-10 02:00:00,0,432.054098360656,20.08,99.5,2.2148425442623,0,0
2018-10-10 03:00:00,0,431.385245901639,20.04,99.6,1.83673138032787,0.006096,0
2018-10-10 04:00:00,0,430.772131147541,19.93,99.6,2.15078827868852,0,0
2018-10-10 05:00:00,0,430.085245901639,19.78,99.6,1.80672083442623,0,0
2018-10-10 06:00:00,2.5353606557377,429.565573770492,19.77,99.6,1.93457283114754,0.006096,0
2018-10-10 07:00:00,19.0298852459016,429.683606557377,19.84,99.6,1.62713405901639,0,0
2018-10-10 08:00:00,50.6024590163934,431.303278688525,19.86,99.6,1.24112137262295,0.006096,0
2018-10-10 09:00:00,60.1873770491803,432.52131147541,19.97,99.6,1.37194331344262,0.012192,0
2018-10-10 10:00:00,79.577868852459,433.414754098361,20.16,99.6,1.47832778540984,0.036576,0
2018-10-10 11:00:00,71.0495081967213,433.949180327869,20.44,99.6,1.87511995081967,0.012192,0
2018-10-10 12:00:00,75.7037704918033,435.111475409836,20.58,99.6,2.03160761147541,0.006096,0
2018-10-10 13:00:00,56.6701639344262,436.098360655738,20.83,99.5,2.2253838704918,0.012192,0
2018-10-10 14:00:00,73.2640983606557,437.501639344262,21.08,99.6,1.99274231803279,0.006096,0
2018-10-10 15:00:00,38.1808196721312,438.668852459016,21.42,99.6,2.31341735901639,0.03048,0
2018-10-10 16:00:00,14.1531803278689,438.854098360656,21.58,99.6,2.21020448032787,0.03048,0
2018-10-10 17:00:00,3.06280327868852,439.26393442623,21.68,99.5,2.36856199180328,0,0
2018-10-10 18:00:00,0,439.26393442623,21.81,99.5,2.69655168852459,0.006096,0
2018-10-10 19:00:00,0,439.936065573771,21.86,99.5,2.45793369180328,0.018288,0
2018-10-10 20:00:00,0,440.195081967213,21.79,99.5,2.29975952622951,0.024384,0
2018-10-10 21:00:00,0,439.37868852459,21.66,99.5,2.43620959836066,0.006096,0
2018-10-10 22:00:00,0,438.752459016393,21.54,99.5,2.51320669836066,0.018288,0
2018-10-10 23:00:00,0,438.401639344262,21.44,99.5,2.60670326229508,0.018288,0
2018-10-11 00:00:00,0,438.386885245902,21.49,99.5,1.41423684278689,0.353568,0
2018-10-11 01:00:00,0,438.465573770492,21.44,99.5,1.65369806721311,0.018288,0
2018-10-11 02:00:00,0,438.5,21.52,99.5,2.62943578688525,0.006096,0
2018-10-11 03:00:00,0,439.080327868852,21.54,99.5,2.36957034098361,0,0
2018-10-11 04:00:00,0,439.585245901639,21.52,99.5,1.7230322147541,0,0
2018-10-11 05:00:00,0,440.175409836066,21.52,99.5,1.07024266229508,0,0
2018-10-11 06:00:00,6.71655737704918,440.970491803279,21.5,99.5,0.626683817704918,0,0
2018-10-11 07:00:00,40.9626229508197,442.06393442623,21.57,99.5,0.837381202786885,0,0
2018-10-11 08:00:00,27.7334426229508,443.670491803279,21.72,99.5,1.33065815111475,0.09144,0
2018-10-11 09:00:00,23.6611475409836,440.75737704918,21.7,99.6,2.78504347540984,0.316992,0
2018-10-11 10:00:00,31.6493442622951,438.649180327869,21.69,99.5,4.32991883606557,0.067056,0
2018-10-11 11:00:00,42.8490163934426,437.273770491803,21.81,97.4,5.16651170491803,0.445008,0
2018-10-11 12:00:00,32.904262295082,433.063934426229,21.49,97.3,8.92993259016393,0.445008,0
2018-10-11 13:00:00,39.0016393442623,422.795081967213,19.71,92.3,8.50716316393443,0.140208,0
2018-10-11 14:00:00,16.8362295081967,414.5,19.53,92.3,7.80702027868852,0.036576,0
2018-10-11 15:00:00,4.60488524590164,413.3,19.25,91.5,7.22717654098361,0.018288,0
2018-10-11 16:00:00,3.835,410.526229508197,18.96,95.5,8.68145178688525,0.018288,0
2018-10-11 17:00:00,6.06881967213115,408.418032786885,19.86,88.6,7.69403616393443,0,0
2018-10-11 18:00:00,0.0179016393442623,413.670491803279,20.37,88.1,7.31429337704918,0,0
2018-10-11 19:00:00,0,365.344262295082,20.74,70.6,7.3310311147541,0,0
2018-10-11 20:00:00,0,334.639344262295,18.45,64.29,5.04410448688525,0,0
2018-10-11 21:00:00,0,318.863934426229,16.95,67.25,7.17074881967213,0,0
2018-10-11 22:00:00,0,310.927868852459,16.08,62.28,6.07977165573771,0,0
2018-10-11 23:00:00,0,302.544262295082,14.14,65.57,11.1913776721311,0,0
2018-10-12 00:00:00,0,298.760655737705,13.38,66.13,11.6350094262295,0,0
2018-10-12 01:00:00,0,297.532786885246,13.01,65.69,9.8370512295082,0,0
2018-10-12 02:00:00,0,294.92131147541,12.86,64.04,10.5362778196721,0,0
2018-10-12 03:00:00,0,291.952459016393,12.46,66.69,10.4241364754098,0,0
2018-10-12 04:00:00,0,289.245901639344,11.95,63.04,10.2730565081967,0,0
2018-10-12 05:00:00,0,286.183606557377,10.79,67.79,9.65238636065574,0,0
2018-10-12 06:00:00,4.56150819672131,283.191803278689,10.36,66.61,11.7522464098361,0,0
2018-10-12 07:00:00,25.7811475409836,280.7,9.95,66.92,11.0532779180328,0,0
2018-10-12 08:00:00,90.6445901639344,282.473770491803,10.14,65.88,7.16865863934426,0,0
2018-10-12 09:00:00,572.537704918033,291.249180327869,11.15,59.69,7.83752581967213,0,0
2018-10-12 10:00:00,712.050819672131,297.198360655738,12.03,54.51,5.21756808196721,0,0
2018-10-12 11:00:00,783.547540983607,301.967213114754,12.88,51.38,3.85044631147541,0,0
2018-10-12 12:00:00,791.919672131148,305.239344262295,14.47,47.71,3.99147949180328,0,0
2018-10-12 13:00:00,728.093442622951,307.404918032787,15.52,40.28,3.10320684918033,0,0
2018-10-12 14:00:00,608.555737704918,306.601639344262,17.27,42.26,2.78852668852459,0,0
2018-10-12 15:00:00,434.673770491803,302.429508196721,18.64,44.25,2.40931550491803,0,0
2018-10-12 16:00:00,55.0432786885246,310.083606557377,18.76,43.23,2.06356146065574,0,0
2018-10-12 17:00:00,9.91796721311475,311.683606557377,14.66,66.23,1.65201151803279,0,0
2018-10-12 18:00:00,0,312.904918032787,11.81,76.56,2.06191157213115,0,0
2018-10-12 19:00:00,0,305.949180327869,10.65,89.2,2.67660570491803,0,0
2018-10-12 20:00:00,0,304.609836065574,9.74,92.3,3.16522632786885,0,0
2018-10-12 21:00:00,0,304.46393442623,9.79,86.1,2.30595596721311,0,0
2018-10-12 22:00:00,0,316.934426229508,9.69,84,3.30757947540984,0,0
2018-10-12 23:00:00,0,330.84262295082,10.08,81.9,4.10666363934426,0,0
2018-10-13 00:00:00,0,357.162295081967,10.51,80.9,3.639254,0,0
2018-10-13 01:00:00,0,361.82131147541,10.9,81.6,1.84320285901639,0,0
2018-10-13 02:00:00,0,370.931147540984,11.03,79.12,1.90175734590164,0.006096,0
2018-10-13 03:00:00,0,373.731147540984,9.56,96.4,1.8817564295082,0,0
2018-10-13 04:00:00,0,373.296721311475,11.09,80.8,1.0458785352459,0,0
2018-10-13 05:00:00,0.119967213114754,365.55737704918,11,78.82,1.8858995704918,0,0
2018-10-13 06:00:00,11.645737704918,354.431147540984,11.34,76.89,2.96387860655738,0,0
2018-10-13 07:00:00,40.2567213114754,365.581967213115,11.46,73.89,1.96320844491803,0,0
2018-10-13 08:00:00,119.97,350.019672131148,10.92,73.54,2.58958063114754,0,0
2018-10-13 09:00:00,329.937704918033,347.473770491803,11.29,70.16,3.45592737704918,0,0
2018-10-13 10:00:00,602.949180327869,326.185245901639,11.17,63.82,4.35369624590164,0,0
2018-10-13 11:00:00,731.604918032787,300.124590163934,11.31,60.92,4.37631882622951,0,0
2018-10-13 12:00:00,800.227868852459,303.94262295082,12.2,56.25,3.36420909508197,0,0
2018-10-13 13:00:00,728.954098360656,298.727868852459,12.62,55.52,4.75025021311475,0,0
2018-10-13 14:00:00,605.867213114754,294.275409836066,12.46,52.73,3.83750349180328,0,0
2018-10-13 15:00:00,430.762295081967,288.524590163934,12.89,51.32,2.65326829180328,0,0
2018-10-13 16:00:00,54.1004918032787,294.222950819672,13.76,49.35,2.13808380819672,0,0
2018-10-13 17:00:00,5.65695081967213,292.572131147541,12.31,61.35,1.82992991147541,0,0
2018-10-13 18:00:00,0,285.595081967213,10.04,87.4,2.60650157377049,0,0
2018-10-13 19:00:00,0,287.959016393443,8.62,92.6,2.67207759016393,0,0
2018-10-13 20:00:00,0,296.893442622951,7.866,95.4,3.07535957377049,0,0
2018-10-13 21:00:00,0,284,8.09,95.6,3.01874831147541,0,0
2018-10-13 22:00:00,0,289.419672131148,7.81,96.3,2.04449552622951,0,0
2018-10-13 23:00:00,0,327.970491803279,7.599,97.8,1.12426898696721,0,0
2018-10-14 00:00:00,0.00450819672131148,329.019672131148,9.3,93.1,1.20955252459016,0,0
2018-10-14 01:00:00,0,334.752459016393,10.21,80.7,0.901618757377049,0,0
2018-10-14 02:00:00,0,335.04262295082,9.65,77.73,0.879252933278688,0,0
2018-10-14 03:00:00,0,347.527868852459,9.24,79.94,0.947432086885246,0,0
2018-10-14 04:00:00,0,341.24262295082,9.02,77.52,1.00899322459016,0,0
2018-10-14 05:00:00,0,356.290163934426,8.75,78.22,1.25729088196721,0,0
2018-10-14 06:00:00,2.31908196721311,353.911475409836,8.26,86.4,1.14218002131148,0,0
2018-10-14 07:00:00,30.6744262295082,360.275409836066,8.1,81.9,0.560172922590164,0,0
2018-10-14 08:00:00,55.1145901639344,362.440983606557,8.02,81.7,0.97447279,0.018288,0
2018-10-14 09:00:00,133.671147540984,367.177049180328,8.06,90.3,0.782658133770492,0.018288,0
2018-10-14 10:00:00,163.624590163934,372.508196721311,8.73,90.3,0.982245849180328,0,0
2018-10-14 11:00:00,184.668852459016,376.518032786885,8.87,84.2,1.06881266557377,0,0
2018-10-14 12:00:00,211.202131147541,378.191803278688,9.56,82,1.16238263786885,0,0
2018-10-14 13:00:00,108.412295081967,379.168852459016,10.06,82.6,1.2829382295082,0,0
2018-10-14 14:00:00,118.795573770492,377.119672131148,9.91,88.2,1.5608247557377,0,0
2018-10-14 15:00:00,131.988032786885,373.570491803279,10.14,87.9,1.55323502786885,0,0
2018-10-14 16:00:00,43.6050819672131,373.829508196721,10.39,88.8,0.782346500409836,0,0
2018-10-14 17:00:00,8.54860655737705,374.329508196721,10.7,92.2,1.12700062622951,0,0
2018-10-14 18:00:00,0,375.368852459016,10.78,93.7,1.46366160327869,0,0
2018-10-14 19:00:00,0,374.565573770492,10.64,94.1,1.5614297,0,0
2018-10-14 20:00:00,0,375.286885245902,10.82,95.4,1.63894026065574,0,0
2018-10-14 21:00:00,0,377.167213114754,10.84,96.9,1.42299985737705,0,0
2018-10-14 22:00:00,0,378.262295081967,11.19,97.6,1.23287176721311,0,0
2018-10-14 23:00:00,0,380.518032786885,11.25,98.3,1.38092633442623,0,0
2018-10-15 00:00:00,0,376.232786885246,11.56,98.1,1.37395991147541,0,0
2018-10-15 01:00:00,0,377.940983606557,11.48,99.2,1.3600270557377,0,0
2018-10-15 02:00:00,0,382.632786885246,11.49,99.9,0.47707092442623,0,0
2018-10-15 03:00:00,0,385.332786885246,12.2,100,1.46943638918033,0,0
2018-10-15 04:00:00,0.000508196721311475,384.955737704918,12.1,100,1.22854522622951,0,0
2018-10-15 05:00:00,0,385.662295081967,13.2,100,1.10894285918033,0,0
2018-10-15 06:00:00,9.74614754098361,383.683606557377,14.29,100,1.10160988721311,0,0
2018-10-15 07:00:00,72.7895081967213,384.713114754098,13.46,100,0.911390077213115,0,0
2018-10-15 08:00:00,161.826229508197,387.803278688525,14.6,100,1.11996084239344,0,0
2018-10-15 09:00:00,252.490163934426,390.155737704918,15.89,100,0.820606734967213,0,0
2018-10-15 10:00:00,298.070491803279,400.654098360656,18.88,80.8,0.991668874262295,0,0
2018-10-15 11:00:00,400.14262295082,393.496721311475,19.14,85.6,1.55186015185246,0,0
2018-10-15 12:00:00,297.608196721311,414.204918032787,24.3,82.5,1.20236615081967,0,0
2018-10-15 13:00:00,346.626229508197,409.044262295082,22.38,81,1.30246253909836,0,0
2018-10-15 14:00:00,462.768852459016,387.783606557377,23.64,74.91,1.14969640655738,0,0
2018-10-15 15:00:00,244.490163934426,394.550819672131,24.5,66.24,1.43865589836066,0,0
2018-10-15 16:00:00,68.6662295081967,407.577049180328,23.53,78.87,1.04657520163934,0,0
2018-10-15 17:00:00,17.1469016393443,402.762295081967,25.56,99.5,0.742161281032787,0,0
2018-10-15 18:00:00,0,383.934426229508,19.85,97.9,0.787186328196721,0,0
2018-10-15 19:00:00,0.00462295081967213,410.514754098361,18.64,99.5,1.9923023557377,0.024384,0
2018-10-15 20:00:00,0,393.370491803279,18.91,83.7,1.38939600377049,0,0
2018-10-15 21:00:00,0.0923934426229508,392.424590163934,18.35,88.1,1.55448164918033,0,0
2018-10-15 22:00:00,0.168737704918033,395.872131147541,18.47,83.9,1.43509934918033,0,0
2018-10-15 23:00:00,0.0852622950819672,379.83606557377,18.56,78.65,2.04141559836066,0,0
2018-10-16 00:00:00,0.0471147540983607,381.486885245902,18.17,80.9,2.83787819508197,0,0
2018-10-16 01:00:00,0,362.709836065574,17.75,84.3,6.37338762295082,0,0
2018-10-16 02:00:00,0,367.159016393443,16.83,78.69,7.12726339344262,0,0
2018-10-16 03:00:00,0,364.131147540984,15.8,78.39,8.85968167213115,0,0
2018-10-16 04:00:00,0,358.577049180328,15.44,77.43,7.16620196721311,0,0
2018-10-16 05:00:00,0,361.577049180328,15.42,77.54,7.02623226229508,0,0
2018-10-16 06:00:00,4.01545901639344,362.609836065574,15.21,80.2,7.03794680327869,0,0
2018-10-16 07:00:00,46.7639344262295,364.054098360656,15.14,80.5,5.08348301639344,0,0
2018-10-16 08:00:00,127.729508196721,364.139344262295,15.33,79.86,2.68764205737705,0,0
2018-10-16 09:00:00,135.409836065574,376.937704918033,15.52,79.67,1.94159424340984,0,0
2018-10-16 10:00:00,341.111475409836,368.190163934426,15.47,78.54,1.71562577540984,0,0
2018-10-16 11:00:00,452.998360655738,364.96393442623,16.2,75.68,1.1033697852459,0,0
2018-10-16 12:00:00,408.765573770492,386.881967213115,18.5,72.04,1.27474360770492,0,0
2018-10-16 13:00:00,266.054098360656,400.168852459016,19.24,72.05,1.42950785245902,0,0
2018-10-16 14:00:00,253.090163934426,385.563934426229,19.17,72.19,0.930181050819672,0,0
2018-10-16 15:00:00,111.144098360656,400.877049180328,18.98,72.53,1.01660129098361,0,0
2018-10-16 16:00:00,42.2185573770492,403.891803278689,18.16,79.95,0.583327060655738,0,0
2018-10-16 17:00:00,1.45326229508197,406.844262295082,17.67,87.1,0.319281693770492,0,0
2018-10-16 18:00:00,0,405.270491803279,16.96,93.3,0.171740404262295,0,0
2018-10-16 19:00:00,0,405.681967213115,16.47,94.2,0.473477732590164,0,0
2018-10-16 20:00:00,0,405.314754098361,16.48,96.1,0.516926148688525,0.006096,0
2018-10-16 21:00:00,0,405.155737704918,16.37,98.2,0.387075893278689,0.006096,0
2018-10-16 22:00:00,0,402.018032786885,15.66,99,0.465063050081967,0.024384,0
2018-10-16 23:00:00,0,400.954098360656,15.75,100,0.358586929918033,0,0
2018-10-17 00:00:00,0,401.477049180328,16.09,100,1.30798065636066,0,0
2018-10-17 01:00:00,0,402.986885245902,16.34,97.7,2.50108875901639,0,0
2018-10-17 02:00:00,0.0524426229508197,403.65737704918,16.42,93.6,1.8728834,0,0
2018-10-17 03:00:00,0.0195573770491803,389.55737704918,16.09,88.1,1.68620185901639,0,0
2018-10-17 04:00:00,0,349.52131147541,16.12,69.44,2.50537868360656,0,0
2018-10-17 05:00:00,0,337.514754098361,18.42,57.99,2.16110952295082,0,0
2018-10-17 06:00:00,9.67039344262295,327.532786885246,15.98,51.24,2.54165898852459,0,0
2018-10-17 07:00:00,67.9349180327869,324.965573770492,13.21,55.68,1.99092741147541,0,0
2018-10-17 08:00:00,189.77868852459,306.872131147541,12.56,58.83,1.97886456557377,0,0
2018-10-17 09:00:00,441.786885245902,305.75737704918,13.15,53.03,3.33857995081967,0,0
2018-10-17 10:00:00,611.098360655738,306.095081967213,14.59,41.84,4.07685473770492,0,0
2018-10-17 11:00:00,733.060655737705,306.609836065574,17.48,40.81,2.88436985901639,0,0
2018-10-17 12:00:00,731.362295081967,314.950819672131,18.74,39.68,2.5521086147541,0,0
2018-10-17 13:00:00,675.218032786885,315.344262295082,21.43,42.04,2.91463710163934,0,0
2018-10-17 14:00:00,577.673770491803,313.452459016393,22.51,41.78,2.52380296393443,0,0
2018-10-17 15:00:00,383.041147540984,313.691803278688,19.38,36.53,2.55601353770492,0,0
2018-10-17 16:00:00,34.9396721311475,316.262295081967,19.74,37.69,3.11785468852459,0,0
2018-10-17 17:00:00,5.31744262295082,309.426229508197,19.87,43.77,2.36440053114754,0,0
2018-10-17 18:00:00,0,304.785245901639,20.05,46.19,2.07646764918033,0,0
2018-10-17 19:00:00,0,301.627868852459,16.88,47.38,1.86859357540984,0,0
2018-10-17 20:00:00,0,301.063934426229,15.61,50.34,2.82002228196721,0,0
2018-10-17 21:00:00,0,300.550819672131,14.82,54.45,3.77711559016393,0,0
2018-10-17 22:00:00,0,304.273770491803,14.36,49.37,3.06982302786885,0,0
2018-10-17 23:00:00,0,306.298360655738,13.45,50.03,2.08319572622951,0,0
2018-10-18 00:00:00,0,302.093442622951,13.47,53.19,2.77659207213115,0,0
2018-10-18 01:00:00,0,307.480327868852,12.79,53.77,4.13584926229508,0,0
2018-10-18 02:00:00,0,305.96393442623,13,55.08,4.62782470491803,0,0
2018-10-18 03:00:00,0,299.12131147541,11.32,58.87,6.60357260655738,0,0
2018-10-18 04:00:00,0,294.868852459016,10.25,60.47,4.97909683606557,0,0
2018-10-18 05:00:00,0,296.150819672131,8.74,64.53,6.64258454098361,0,0
2018-10-18 06:00:00,4.15001639344262,283.008196721311,8.13,65.28,6.73270791803279,0,0
2018-10-18 07:00:00,40.9995081967213,270.516393442623,7.585,65.15,3.57831625245902,0,0
2018-10-18 08:00:00,114.527213114754,266.360655737705,7.467,65.81,3.49345432786885,0,0
2018-10-18 09:00:00,419.825245901639,277.740983606557,8.42,58.97,3.57230311803279,0,0
2018-10-18 10:00:00,686.724590163934,280.104918032787,9.55,55.71,3.01159854918033,0,0
2018-10-18 11:00:00,755.652459016393,284.027868852459,10.36,51.84,2.88970466393443,0,0
2018-10-18 12:00:00,763.981967213115,286.636065573771,13.09,44.59,2.22109403442623,0,0
2018-10-18 13:00:00,704.82131147541,289.491803278689,12.36,41.17,2.8099576,0,0
2018-10-18 14:00:00,556.470491803279,287.714754098361,14.23,41.72,1.5212078852459,0,0
2018-10-18 15:00:00,380.082459016393,285.113114754098,16.38,46.04,1.05823475262295,0,0
2018-10-18 16:00:00,25.8232786885246,300.172131147541,17.35,50.53,0.973354501803279,0,0
2018-10-18 17:00:00,4.25431147540984,291.575409836066,12.4,64.62,1.62135922295082,0,0
2018-10-18 18:00:00,0,284.606557377049,9.89,83.9,1.99485062295082,0,0
2018-10-18 19:00:00,0,278.554098360656,9.97,95.3,2.16486773770492,0,0
2018-10-18 20:00:00,0,274.668852459016,7.894,96,2.36066067213115,0,0
2018-10-18 21:00:00,0,272.434426229508,7.367,98.5,2.34478455737705,0,0
2018-10-18 22:00:00,0,270.832786885246,6.601,98.1,2.49522236065574,0,0
2018-10-18 23:00:00,0,269.091803278689,6.292,99.9,2.16022955737705,0,0
2018-10-19 00:00:00,0,267.998360655738,5.819,99.8,2.25935432786885,0,0
2018-10-19 01:00:00,0,267.47868852459,5.14,100,2.52031973770492,0,0
2018-10-19 02:00:00,0,267.24262295082,5.021,99.5,2.40405403278689,0,0
2018-10-19 03:00:00,0,267.85737704918,4.825,99.6,2.71946759016393,0,0
2018-10-19 04:00:00,0,267.540983606557,4.941,100,2.67790736065574,0,0
2018-10-19 05:00:00,0,267.798360655738,4.813,99.3,1.96630668196721,0,0
2018-10-19 06:00:00,2.49209836065574,266.65737704918,4.876,99.3,2.35659075409836,0,0
2018-10-19 07:00:00,2.49209836065574,266.65737704918,4.876,99.3,2.35659075409836,0,0
