datetime,site_id,depth,observation,variable
2022-09-02T00:00:00Z,fcre,0,27.037,temperature
2022-09-03T00:00:00Z,fcre,0,26.4928,temperature
2022-09-04T00:00:00Z,fcre,0,26.2243,temperature
2022-09-05T00:00:00Z,fcre,0,25.8091,temperature
2022-09-06T00:00:00Z,fcre,0,25.1962,temperature
2022-09-07T00:00:00Z,fcre,0,26.7497,temperature
2022-09-08T00:00:00Z,fcre,0,26.1806,temperature
2022-09-09T00:00:00Z,fcre,0,25.1703,temperature
2022-09-10T00:00:00Z,fcre,0,25.4269,temperature
2022-09-11T00:00:00Z,fcre,0,23.7551,temperature
2022-09-12T00:00:00Z,fcre,0,23.9313,temperature
2022-09-13T00:00:00Z,fcre,0,24.66,temperature
2022-09-14T00:00:00Z,fcre,0,24.2405,temperature
2022-09-15T00:00:00Z,fcre,0,24.0129,temperature
2022-09-16T00:00:00Z,fcre,0,24.3776,temperature
2022-09-17T00:00:00Z,fcre,0,25.1839,temperature
2022-09-18T00:00:00Z,fcre,0,23.4773,temperature
2022-09-19T00:00:00Z,fcre,0,24.173,temperature
2022-09-20T00:00:00Z,fcre,0,24.1891,temperature
2022-09-21T00:00:00Z,fcre,0,25.1411,temperature
2022-09-22T00:00:00Z,fcre,0,24.8719,temperature
2022-09-23T00:00:00Z,fcre,0,23.4118,temperature
2022-09-24T00:00:00Z,fcre,0,21.7577,temperature
2022-09-25T00:00:00Z,fcre,0,21.0795,temperature
2022-09-26T00:00:00Z,fcre,0,20.569,temperature
2022-09-27T00:00:00Z,fcre,0,20.352,temperature
2022-09-28T00:00:00Z,fcre,0,20.4968,temperature
2022-09-29T00:00:00Z,fcre,0,19.6241,temperature
2022-09-30T00:00:00Z,fcre,0,18.8489,temperature
2022-10-01T00:00:00Z,fcre,0,17.237,temperature
2022-10-02T00:00:00Z,fcre,0,16.0452,temperature
2022-10-03T00:00:00Z,fcre,0,15.4422,temperature
2022-10-04T00:00:00Z,fcre,0,16.2791,temperature
2022-10-05T00:00:00Z,fcre,0,15.7522,temperature
2022-10-06T00:00:00Z,fcre,0,16.5913,temperature
2022-10-07T00:00:00Z,fcre,0,17.2705,temperature
2022-10-08T00:00:00Z,fcre,0,17.2396,temperature
2022-10-09T00:00:00Z,fcre,0,16.2272,temperature
2022-10-10T00:00:00Z,fcre,0,15.5037,temperature
2022-10-11T00:00:00Z,fcre,0,15.610900000000001,temperature
2022-10-12T00:00:00Z,fcre,0,15.0315,temperature
2022-10-13T00:00:00Z,fcre,0,14.9308,temperature
2022-10-14T00:00:00Z,fcre,0,15.6965,temperature
2022-10-15T00:00:00Z,fcre,0,15.3737,temperature
2022-10-16T00:00:00Z,fcre,0,15.4089,temperature
2022-10-17T00:00:00Z,fcre,0,15.4006,temperature
2022-10-18T00:00:00Z,fcre,0,15.3346,temperature
2022-10-19T00:00:00Z,fcre,0,14.1072,temperature
2022-10-20T00:00:00Z,fcre,0,13.1306,temperature
2022-10-21T00:00:00Z,fcre,0,12.6265,temperature
2022-10-22T00:00:00Z,fcre,0,12.6556,temperature
2022-10-23T00:00:00Z,fcre,0,12.8691,temperature
2022-10-24T00:00:00Z,fcre,0,13.7029,temperature
2022-10-25T00:00:00Z,fcre,0,14.1344,temperature
2022-10-26T00:00:00Z,fcre,0,13.7023,temperature
2022-10-27T00:00:00Z,fcre,0,13.9274,temperature
2022-10-28T00:00:00Z,fcre,0,14.128,temperature
2022-10-29T00:00:00Z,fcre,0,13.539,temperature
2022-10-30T00:00:00Z,fcre,0,13.9048,temperature
2022-10-31T00:00:00Z,fcre,0,13.1486,temperature
2022-11-01T00:00:00Z,fcre,0,13.1542,temperature
2022-11-02T00:00:00Z,fcre,0,14.2793,temperature
2022-11-03T00:00:00Z,fcre,0,13.8347,temperature
2022-11-04T00:00:00Z,fcre,0,14.5089,temperature
2022-11-05T00:00:00Z,fcre,0,14.5308,temperature
2022-11-06T00:00:00Z,fcre,0,14.7709,temperature
2022-11-07T00:00:00Z,fcre,0,15.9847,temperature
2022-11-08T00:00:00Z,fcre,0,17.2762,temperature
2022-11-09T00:00:00Z,fcre,0,15.6426,temperature
2022-11-10T00:00:00Z,fcre,0,14.439,temperature
2022-11-11T00:00:00Z,fcre,0,14.4519,temperature
2022-11-12T00:00:00Z,fcre,0,14.5777,temperature
2022-11-13T00:00:00Z,fcre,0,14.7462,temperature
2022-11-14T00:00:00Z,fcre,0,13.2021,temperature
2022-09-02T00:00:00Z,fcre,1,25.5112,temperature
2022-09-03T00:00:00Z,fcre,1,26.3775,temperature
2022-09-04T00:00:00Z,fcre,1,26.1569,temperature
2022-09-05T00:00:00Z,fcre,1,25.7531,temperature
2022-09-06T00:00:00Z,fcre,1,25.1293,temperature
2022-09-07T00:00:00Z,fcre,1,25.1049,temperature
2022-09-08T00:00:00Z,fcre,1,26.1291,temperature
2022-09-09T00:00:00Z,fcre,1,24.8379,temperature
2022-09-10T00:00:00Z,fcre,1,24.7219,temperature
2022-09-11T00:00:00Z,fcre,1,23.699,temperature
2022-09-12T00:00:00Z,fcre,1,23.3622,temperature
2022-09-13T00:00:00Z,fcre,1,24.3072,temperature
2022-09-14T00:00:00Z,fcre,1,23.7115,temperature
2022-09-15T00:00:00Z,fcre,1,22.9323,temperature
2022-09-16T00:00:00Z,fcre,1,22.7698,temperature
2022-09-17T00:00:00Z,fcre,1,22.6888,temperature
2022-09-18T00:00:00Z,fcre,1,23.3672,temperature
2022-09-19T00:00:00Z,fcre,1,22.8599,temperature
2022-09-20T00:00:00Z,fcre,1,24.0565,temperature
2022-09-21T00:00:00Z,fcre,1,23.0959,temperature
2022-09-22T00:00:00Z,fcre,1,23.7135,temperature
2022-09-23T00:00:00Z,fcre,1,23.4402,temperature
2022-09-24T00:00:00Z,fcre,1,21.7446,temperature
2022-09-25T00:00:00Z,fcre,1,21.0709,temperature
2022-09-26T00:00:00Z,fcre,1,20.5592,temperature
2022-09-27T00:00:00Z,fcre,1,20.2904,temperature
2022-09-28T00:00:00Z,fcre,1,20.4729,temperature
2022-09-29T00:00:00Z,fcre,1,19.6039,temperature
2022-09-30T00:00:00Z,fcre,1,18.8237,temperature
2022-10-01T00:00:00Z,fcre,1,17.2,temperature
2022-10-02T00:00:00Z,fcre,1,15.994,temperature
2022-10-03T00:00:00Z,fcre,1,15.3917,temperature
2022-10-04T00:00:00Z,fcre,1,16.1572,temperature
2022-10-05T00:00:00Z,fcre,1,15.7079,temperature
2022-10-06T00:00:00Z,fcre,1,15.8857,temperature
2022-10-07T00:00:00Z,fcre,1,17.1807,temperature
2022-10-08T00:00:00Z,fcre,1,16.9807,temperature
2022-10-09T00:00:00Z,fcre,1,16.1387,temperature
2022-10-10T00:00:00Z,fcre,1,15.4429,temperature
2022-10-11T00:00:00Z,fcre,1,15.4007,temperature
2022-10-12T00:00:00Z,fcre,1,14.9747,temperature
2022-10-13T00:00:00Z,fcre,1,14.6969,temperature
2022-10-14T00:00:00Z,fcre,1,15.6378,temperature
2022-10-15T00:00:00Z,fcre,1,15.316,temperature
2022-10-16T00:00:00Z,fcre,1,15.3329,temperature
2022-10-17T00:00:00Z,fcre,1,15.3113,temperature
2022-10-18T00:00:00Z,fcre,1,15.2879,temperature
2022-10-19T00:00:00Z,fcre,1,14.0579,temperature
2022-10-20T00:00:00Z,fcre,1,13.0766,temperature
2022-10-21T00:00:00Z,fcre,1,12.5283,temperature
2022-10-22T00:00:00Z,fcre,1,12.5564,temperature
2022-10-23T00:00:00Z,fcre,1,12.7774,temperature
2022-10-24T00:00:00Z,fcre,1,13.4739,temperature
2022-10-25T00:00:00Z,fcre,1,12.5263,temperature
2022-10-26T00:00:00Z,fcre,1,13.517,temperature
2022-10-27T00:00:00Z,fcre,1,13.8525,temperature
2022-10-28T00:00:00Z,fcre,1,13.896,temperature
2022-10-29T00:00:00Z,fcre,1,13.0468,temperature
2022-10-30T00:00:00Z,fcre,1,13.4718,temperature
2022-10-31T00:00:00Z,fcre,1,13.0045,temperature
2022-11-01T00:00:00Z,fcre,1,12.9742,temperature
2022-11-02T00:00:00Z,fcre,1,13.796,temperature
2022-11-03T00:00:00Z,fcre,1,13.301,temperature
2022-11-04T00:00:00Z,fcre,1,14.3784,temperature
2022-11-05T00:00:00Z,fcre,1,14.3001,temperature
2022-11-06T00:00:00Z,fcre,1,14.1861,temperature
2022-11-07T00:00:00Z,fcre,1,15.2428,temperature
2022-11-08T00:00:00Z,fcre,1,16.9989,temperature
2022-11-09T00:00:00Z,fcre,1,15.5689,temperature
2022-11-10T00:00:00Z,fcre,1,14.3872,temperature
2022-11-11T00:00:00Z,fcre,1,14.3028,temperature
2022-11-12T00:00:00Z,fcre,1,14.2283,temperature
2022-11-13T00:00:00Z,fcre,1,14.6722,temperature
2022-11-14T00:00:00Z,fcre,1,13.1526,temperature
2022-09-02T00:00:00Z,fcre,1.5,16.4983,chla
2022-09-03T00:00:00Z,fcre,1.5,11.7333,chla
2022-09-04T00:00:00Z,fcre,1.5,14.1717,chla
2022-09-05T00:00:00Z,fcre,1.5,13.5967,chla
2022-09-06T00:00:00Z,fcre,1.5,14.6567,chla
2022-09-07T00:00:00Z,fcre,1.5,16.255,chla
2022-09-08T00:00:00Z,fcre,1.5,10.2383,chla
2022-09-09T00:00:00Z,fcre,1.5,14.5583,chla
2022-09-10T00:00:00Z,fcre,1.5,17.2033,chla
2022-09-11T00:00:00Z,fcre,1.5,18.945,chla
2022-09-12T00:00:00Z,fcre,1.5,20.236,chla
2022-09-13T00:00:00Z,fcre,1.5,17.82,chla
2022-09-14T00:00:00Z,fcre,1.5,19.8633,chla
2022-09-15T00:00:00Z,fcre,1.5,21.4883,chla
2022-09-16T00:00:00Z,fcre,1.5,19.21,chla
2022-09-17T00:00:00Z,fcre,1.5,21.9067,chla
2022-09-18T00:00:00Z,fcre,1.5,19.9617,chla
2022-09-19T00:00:00Z,fcre,1.5,19.935,chla
2022-09-20T00:00:00Z,fcre,1.5,22.4417,chla
2022-09-21T00:00:00Z,fcre,1.5,23.652,chla
2022-09-22T00:00:00Z,fcre,1.5,21.7883,chla
2022-09-23T00:00:00Z,fcre,1.5,13.47,chla
2022-09-24T00:00:00Z,fcre,1.5,17.225,chla
2022-09-25T00:00:00Z,fcre,1.5,16.6183,chla
2022-09-26T00:00:00Z,fcre,1.5,16.2617,chla
2022-09-27T00:00:00Z,fcre,1.5,14.9033,chla
2022-09-28T00:00:00Z,fcre,1.5,15.6683,chla
2022-09-29T00:00:00Z,fcre,1.5,13.9967,chla
2022-09-30T00:00:00Z,fcre,1.5,14.2467,chla
2022-10-01T00:00:00Z,fcre,1.5,14.805,chla
2022-10-02T00:00:00Z,fcre,1.5,15.5883,chla
2022-10-03T00:00:00Z,fcre,1.5,13.5433,chla
2022-10-04T00:00:00Z,fcre,1.5,10.9617,chla
2022-10-05T00:00:00Z,fcre,1.5,11.345,chla
2022-10-06T00:00:00Z,fcre,1.5,10.2033,chla
2022-10-07T00:00:00Z,fcre,1.5,11.285,chla
2022-10-08T00:00:00Z,fcre,1.5,13.1467,chla
2022-10-09T00:00:00Z,fcre,1.5,12.165,chla
2022-10-10T00:00:00Z,fcre,1.5,8.9933,chla
2022-10-11T00:00:00Z,fcre,1.5,9.2117,chla
2022-10-12T00:00:00Z,fcre,1.5,9.075,chla
2022-10-13T00:00:00Z,fcre,1.5,11.7017,chla
2022-10-14T00:00:00Z,fcre,1.5,11.0033,chla
2022-10-15T00:00:00Z,fcre,1.5,9.5683,chla
2022-10-16T00:00:00Z,fcre,1.5,10.1033,chla
2022-10-17T00:00:00Z,fcre,1.5,12.7317,chla
2022-10-18T00:00:00Z,fcre,1.5,11.3383,chla
2022-10-19T00:00:00Z,fcre,1.5,14.0133,chla
2022-10-20T00:00:00Z,fcre,1.5,12.2417,chla
2022-10-21T00:00:00Z,fcre,1.5,10.2967,chla
2022-10-22T00:00:00Z,fcre,1.5,14.6017,chla
2022-10-23T00:00:00Z,fcre,1.5,11.4167,chla
2022-10-24T00:00:00Z,fcre,1.5,11.67,chla
2022-10-25T00:00:00Z,fcre,1.5,10.4233,chla
2022-10-26T00:00:00Z,fcre,1.5,12.71,chla
2022-10-27T00:00:00Z,fcre,1.5,15.075,chla
2022-10-28T00:00:00Z,fcre,1.5,12.0433,chla
2022-10-29T00:00:00Z,fcre,1.5,13.1983,chla
2022-10-30T00:00:00Z,fcre,1.5,16.1017,chla
2022-10-31T00:00:00Z,fcre,1.5,17.2367,chla
2022-11-01T00:00:00Z,fcre,1.5,15.5933,chla
2022-11-02T00:00:00Z,fcre,1.5,19.8033,chla
2022-11-03T00:00:00Z,fcre,1.5,13.1883,chla
2022-11-04T00:00:00Z,fcre,1.5,17.6,chla
2022-11-05T00:00:00Z,fcre,1.5,19.5983,chla
2022-11-06T00:00:00Z,fcre,1.5,34.5783,chla
2022-11-07T00:00:00Z,fcre,1.5,37.8633,chla
2022-11-08T00:00:00Z,fcre,1.5,28.4633,chla
2022-11-09T00:00:00Z,fcre,1.5,19.0583,chla
2022-11-10T00:00:00Z,fcre,1.5,18.496,chla
2022-11-11T00:00:00Z,fcre,1.5,22.3817,chla
2022-11-12T00:00:00Z,fcre,1.5,27.3367,chla
2022-11-13T00:00:00Z,fcre,1.5,20.4967,chla
2022-11-14T00:00:00Z,fcre,1.5,23.865,chla
2022-09-02T00:00:00Z,fcre,1.5,387.5661,fdom
2022-09-03T00:00:00Z,fcre,1.5,360.6059,fdom
2022-09-04T00:00:00Z,fcre,1.5,382.5789,fdom
2022-09-05T00:00:00Z,fcre,1.5,354.2362,fdom
2022-09-06T00:00:00Z,fcre,1.5,368.0125,fdom
2022-09-07T00:00:00Z,fcre,1.5,399.8611,fdom
2022-09-08T00:00:00Z,fcre,1.5,339.7686,fdom
2022-09-09T00:00:00Z,fcre,1.5,400.0092,fdom
2022-09-10T00:00:00Z,fcre,1.5,395.269,fdom
2022-09-11T00:00:00Z,fcre,1.5,372.8515,fdom
2022-09-12T00:00:00Z,fcre,1.5,407.0011,fdom
2022-09-13T00:00:00Z,fcre,1.5,422.6735,fdom
2022-09-14T00:00:00Z,fcre,1.5,453.5345,fdom
2022-09-15T00:00:00Z,fcre,1.5,439.0669,fdom
2022-09-16T00:00:00Z,fcre,1.5,417.637,fdom
2022-09-17T00:00:00Z,fcre,1.5,445.8316,fdom
2022-09-18T00:00:00Z,fcre,1.5,439.8569,fdom
2022-09-19T00:00:00Z,fcre,1.5,415.3163,fdom
2022-09-20T00:00:00Z,fcre,1.5,431.364,fdom
2022-09-21T00:00:00Z,fcre,1.5,439.294,fdom
2022-09-22T00:00:00Z,fcre,1.5,444.0046,fdom
2022-09-23T00:00:00Z,fcre,1.5,362.6798,fdom
2022-09-24T00:00:00Z,fcre,1.5,381.9864,fdom
2022-09-25T00:00:00Z,fcre,1.5,376.7524,fdom
2022-09-26T00:00:00Z,fcre,1.5,387.5167,fdom
2022-09-27T00:00:00Z,fcre,1.5,381.147,fdom
2022-09-28T00:00:00Z,fcre,1.5,390.7756,fdom
2022-09-29T00:00:00Z,fcre,1.5,364.9511,fdom
2022-09-30T00:00:00Z,fcre,1.5,358.7789,fdom
2022-10-01T00:00:00Z,fcre,1.5,353.0511,fdom
2022-10-02T00:00:00Z,fcre,1.5,341.1511,fdom
2022-10-03T00:00:00Z,fcre,1.5,366.5312,fdom
2022-10-04T00:00:00Z,fcre,1.5,377.2955,fdom
2022-10-05T00:00:00Z,fcre,1.5,380.0607,fdom
2022-10-06T00:00:00Z,fcre,1.5,397.7378,fdom
2022-10-07T00:00:00Z,fcre,1.5,406.7246,fdom
2022-10-08T00:00:00Z,fcre,1.5,406.9714,fdom
2022-10-09T00:00:00Z,fcre,1.5,414.2299,fdom
2022-10-10T00:00:00Z,fcre,1.5,367.1238,fdom
2022-10-11T00:00:00Z,fcre,1.5,388.3067,fdom
2022-10-12T00:00:00Z,fcre,1.5,372.4071,fdom
2022-10-13T00:00:00Z,fcre,1.5,385.4922,fdom
2022-10-14T00:00:00Z,fcre,1.5,364.5067,fdom
2022-10-15T00:00:00Z,fcre,1.5,376.5549,fdom
2022-10-16T00:00:00Z,fcre,1.5,366.3337,fdom
2022-10-17T00:00:00Z,fcre,1.5,365.1486,fdom
2022-10-18T00:00:00Z,fcre,1.5,369.0989,fdom
2022-10-19T00:00:00Z,fcre,1.5,368.8026,fdom
2022-10-20T00:00:00Z,fcre,1.5,344.4101,fdom
2022-10-21T00:00:00Z,fcre,1.5,338.6823,fdom
2022-10-22T00:00:00Z,fcre,1.5,349.2984,fdom
2022-10-23T00:00:00Z,fcre,1.5,350.2366,fdom
2022-10-24T00:00:00Z,fcre,1.5,356.7051,fdom
2022-10-25T00:00:00Z,fcre,1.5,360.5072,fdom
2022-10-26T00:00:00Z,fcre,1.5,349.891,fdom
2022-10-27T00:00:00Z,fcre,1.5,353.298,fdom
2022-10-28T00:00:00Z,fcre,1.5,367.6175,fdom
2022-10-29T00:00:00Z,fcre,1.5,369.8889,fdom
2022-10-30T00:00:00Z,fcre,1.5,372.9997,fdom
2022-10-31T00:00:00Z,fcre,1.5,369.247,fdom
2022-11-01T00:00:00Z,fcre,1.5,374.5304,fdom
2022-11-02T00:00:00Z,fcre,1.5,373.0984,fdom
2022-11-03T00:00:00Z,fcre,1.5,382.6283,fdom
2022-11-04T00:00:00Z,fcre,1.5,382.6777,fdom
2022-11-05T00:00:00Z,fcre,1.5,375.271,fdom
2022-11-06T00:00:00Z,fcre,1.5,390.2818,fdom
2022-11-07T00:00:00Z,fcre,1.5,377.098,fdom
2022-11-08T00:00:00Z,fcre,1.5,385.0972,fdom
2022-11-09T00:00:00Z,fcre,1.5,375.6167,fdom
2022-11-10T00:00:00Z,fcre,1.5,383.2406,fdom
2022-11-11T00:00:00Z,fcre,1.5,393.2445,fdom
2022-11-12T00:00:00Z,fcre,1.5,427.9075,fdom
2022-11-13T00:00:00Z,fcre,1.5,513.3801,fdom
2022-11-14T00:00:00Z,fcre,1.5,535.205,fdom
2022-09-02T00:00:00Z,fcre,1.5,253.4375,oxygen
2022-09-03T00:00:00Z,fcre,1.5,257.6562,oxygen
2022-09-04T00:00:00Z,fcre,1.5,262.7604,oxygen
2022-09-05T00:00:00Z,fcre,1.5,254.375,oxygen
2022-09-06T00:00:00Z,fcre,1.5,244.2188,oxygen
2022-09-07T00:00:00Z,fcre,1.5,233.5417,oxygen
2022-09-08T00:00:00Z,fcre,1.5,254.2708,oxygen
2022-09-09T00:00:00Z,fcre,1.5,244.8958,oxygen
2022-09-10T00:00:00Z,fcre,1.5,230.9896,oxygen
2022-09-11T00:00:00Z,fcre,1.5,243.4896,oxygen
2022-09-12T00:00:00Z,fcre,1.5,228.1875,oxygen
2022-09-13T00:00:00Z,fcre,1.5,264.0104,oxygen
2022-09-14T00:00:00Z,fcre,1.5,253.0729,oxygen
2022-09-15T00:00:00Z,fcre,1.5,236.5104,oxygen
2022-09-16T00:00:00Z,fcre,1.5,252.9687,oxygen
2022-09-17T00:00:00Z,fcre,1.5,258.6979,oxygen
2022-09-18T00:00:00Z,fcre,1.5,279.1146,oxygen
2022-09-19T00:00:00Z,fcre,1.5,280.3646,oxygen
2022-09-20T00:00:00Z,fcre,1.5,284.6875,oxygen
2022-09-21T00:00:00Z,fcre,1.5,284.9375,oxygen
2022-09-22T00:00:00Z,fcre,1.5,293.8542,oxygen
2022-09-23T00:00:00Z,fcre,1.5,278.3854,oxygen
2022-09-24T00:00:00Z,fcre,1.5,249.9479,oxygen
2022-09-25T00:00:00Z,fcre,1.5,264.6354,oxygen
2022-09-26T00:00:00Z,fcre,1.5,260.3646,oxygen
2022-09-27T00:00:00Z,fcre,1.5,261.3021,oxygen
2022-09-28T00:00:00Z,fcre,1.5,252.9688,oxygen
2022-09-29T00:00:00Z,fcre,1.5,254.4792,oxygen
2022-09-30T00:00:00Z,fcre,1.5,252.1354,oxygen
2022-10-01T00:00:00Z,fcre,1.5,239.3229,oxygen
2022-10-02T00:00:00Z,fcre,1.5,233.8021,oxygen
2022-10-03T00:00:00Z,fcre,1.5,227.2917,oxygen
2022-10-04T00:00:00Z,fcre,1.5,227.1875,oxygen
2022-10-05T00:00:00Z,fcre,1.5,259.1146,oxygen
2022-10-06T00:00:00Z,fcre,1.5,243.3333,oxygen
2022-10-07T00:00:00Z,fcre,1.5,241.7708,oxygen
2022-10-08T00:00:00Z,fcre,1.5,265.9375,oxygen
2022-10-09T00:00:00Z,fcre,1.5,259.5833,oxygen
2022-10-10T00:00:00Z,fcre,1.5,294.0104,oxygen
2022-10-11T00:00:00Z,fcre,1.5,268.0729,oxygen
2022-10-12T00:00:00Z,fcre,1.5,292.5,oxygen
2022-10-13T00:00:00Z,fcre,1.5,290.7813,oxygen
2022-10-14T00:00:00Z,fcre,1.5,309.9479,oxygen
2022-10-15T00:00:00Z,fcre,1.5,299.0625,oxygen
2022-10-16T00:00:00Z,fcre,1.5,308.5417,oxygen
2022-10-17T00:00:00Z,fcre,1.5,307.8646,oxygen
2022-10-18T00:00:00Z,fcre,1.5,319.6354,oxygen
2022-10-19T00:00:00Z,fcre,1.5,294.5833,oxygen
2022-10-20T00:00:00Z,fcre,1.5,258.75,oxygen
2022-10-21T00:00:00Z,fcre,1.5,245.9896,oxygen
2022-10-22T00:00:00Z,fcre,1.5,278.0729,oxygen
2022-10-23T00:00:00Z,fcre,1.5,285.8333,oxygen
2022-10-24T00:00:00Z,fcre,1.5,274.0625,oxygen
2022-10-25T00:00:00Z,fcre,1.5,263.2812,oxygen
2022-10-26T00:00:00Z,fcre,1.5,303.9063,oxygen
2022-10-27T00:00:00Z,fcre,1.5,319.6875,oxygen
2022-10-28T00:00:00Z,fcre,1.5,274.6354,oxygen
2022-10-29T00:00:00Z,fcre,1.5,274.9479,oxygen
2022-10-30T00:00:00Z,fcre,1.5,296.7708,oxygen
2022-10-31T00:00:00Z,fcre,1.5,317.3437,oxygen
2022-11-01T00:00:00Z,fcre,1.5,293.2812,oxygen
2022-11-02T00:00:00Z,fcre,1.5,318.6979,oxygen
2022-11-03T00:00:00Z,fcre,1.5,290.8854,oxygen
2022-11-04T00:00:00Z,fcre,1.5,308.125,oxygen
2022-11-05T00:00:00Z,fcre,1.5,375.8854,oxygen
2022-11-06T00:00:00Z,fcre,1.5,328.0208,oxygen
2022-11-07T00:00:00Z,fcre,1.5,339.1667,oxygen
2022-11-08T00:00:00Z,fcre,1.5,346.5104,oxygen
2022-11-09T00:00:00Z,fcre,1.5,348.9062,oxygen
2022-11-10T00:00:00Z,fcre,1.5,355.5625,oxygen
2022-11-11T00:00:00Z,fcre,1.5,352.3438,oxygen
2022-11-12T00:00:00Z,fcre,1.5,320.7292,oxygen
2022-11-13T00:00:00Z,fcre,1.5,326.4583,oxygen
2022-11-14T00:00:00Z,fcre,1.5,311.8229,oxygen
2022-09-02T00:00:00Z,fcre,1.5,0.03,salt
2022-09-03T00:00:00Z,fcre,1.5,0.03,salt
2022-09-04T00:00:00Z,fcre,1.5,0.0301,salt
2022-09-05T00:00:00Z,fcre,1.5,0.03,salt
2022-09-06T00:00:00Z,fcre,1.5,0.0296,salt
2022-09-07T00:00:00Z,fcre,1.5,0.0297,salt
2022-09-08T00:00:00Z,fcre,1.5,0.0297,salt
2022-09-09T00:00:00Z,fcre,1.5,0.0293,salt
2022-09-10T00:00:00Z,fcre,1.5,0.0296,salt
2022-09-11T00:00:00Z,fcre,1.5,0.0294,salt
2022-09-12T00:00:00Z,fcre,1.5,0.0296,salt
2022-09-13T00:00:00Z,fcre,1.5,0.0296,salt
2022-09-14T00:00:00Z,fcre,1.5,0.0298,salt
2022-09-15T00:00:00Z,fcre,1.5,0.0301,salt
2022-09-16T00:00:00Z,fcre,1.5,0.0301,salt
2022-09-17T00:00:00Z,fcre,1.5,0.0302,salt
2022-09-18T00:00:00Z,fcre,1.5,0.0301,salt
2022-09-19T00:00:00Z,fcre,1.5,0.0301,salt
2022-09-20T00:00:00Z,fcre,1.5,0.0301,salt
2022-09-21T00:00:00Z,fcre,1.5,0.0302,salt
2022-09-22T00:00:00Z,fcre,1.5,0.0303,salt
2022-09-23T00:00:00Z,fcre,1.5,0.0304,salt
2022-09-24T00:00:00Z,fcre,1.5,0.0307,salt
2022-09-25T00:00:00Z,fcre,1.5,0.0308,salt
2022-09-26T00:00:00Z,fcre,1.5,0.0308,salt
2022-09-27T00:00:00Z,fcre,1.5,0.031,salt
2022-09-28T00:00:00Z,fcre,1.5,0.031,salt
2022-09-29T00:00:00Z,fcre,1.5,0.0313,salt
2022-09-30T00:00:00Z,fcre,1.5,0.0315,salt
2022-10-01T00:00:00Z,fcre,1.5,0.0319,salt
2022-10-02T00:00:00Z,fcre,1.5,0.0321,salt
2022-10-03T00:00:00Z,fcre,1.5,0.0324,salt
2022-10-04T00:00:00Z,fcre,1.5,0.0326,salt
2022-10-05T00:00:00Z,fcre,1.5,0.0326,salt
2022-10-06T00:00:00Z,fcre,1.5,0.0327,salt
2022-10-07T00:00:00Z,fcre,1.5,0.0328,salt
2022-10-08T00:00:00Z,fcre,1.5,0.0328,salt
2022-10-09T00:00:00Z,fcre,1.5,0.0327,salt
2022-10-10T00:00:00Z,fcre,1.5,0.0327,salt
2022-10-11T00:00:00Z,fcre,1.5,0.0328,salt
2022-10-12T00:00:00Z,fcre,1.5,0.0328,salt
2022-10-13T00:00:00Z,fcre,1.5,0.0327,salt
2022-10-14T00:00:00Z,fcre,1.5,0.0326,salt
2022-10-15T00:00:00Z,fcre,1.5,0.0327,salt
2022-10-16T00:00:00Z,fcre,1.5,0.0327,salt
2022-10-17T00:00:00Z,fcre,1.5,0.0325,salt
2022-10-18T00:00:00Z,fcre,1.5,0.0324,salt
2022-10-19T00:00:00Z,fcre,1.5,0.0328,salt
2022-11-12T00:00:00Z,fcre,1.5,0.0328,salt
2022-11-13T00:00:00Z,fcre,1.5,0.0322,salt
2022-11-14T00:00:00Z,fcre,1.5,0.0322,salt
2022-09-02T00:00:00Z,fcre,1.5,25.0072,temperature
2022-09-03T00:00:00Z,fcre,1.5,25.3473,temperature
2022-09-04T00:00:00Z,fcre,1.5,25.382,temperature
2022-09-05T00:00:00Z,fcre,1.5,25.7403,temperature
2022-09-06T00:00:00Z,fcre,1.5,25.2637,temperature
2022-09-07T00:00:00Z,fcre,1.5,24.6192,temperature
2022-09-08T00:00:00Z,fcre,1.5,26.1923,temperature
2022-09-09T00:00:00Z,fcre,1.5,24.7312,temperature
2022-09-10T00:00:00Z,fcre,1.5,24.3022,temperature
2022-09-11T00:00:00Z,fcre,1.5,23.84,temperature
2022-09-12T00:00:00Z,fcre,1.5,23.3418,temperature
2022-09-13T00:00:00Z,fcre,1.5,23.6413,temperature
2022-09-14T00:00:00Z,fcre,1.5,23.045,temperature
2022-09-15T00:00:00Z,fcre,1.5,22.3973,temperature
2022-09-16T00:00:00Z,fcre,1.5,22.4542,temperature
2022-09-17T00:00:00Z,fcre,1.5,22.4535,temperature
2022-09-18T00:00:00Z,fcre,1.5,22.7797,temperature
2022-09-19T00:00:00Z,fcre,1.5,22.4668,temperature
2022-09-20T00:00:00Z,fcre,1.5,22.4882,temperature
2022-09-21T00:00:00Z,fcre,1.5,22.4888,temperature
2022-09-22T00:00:00Z,fcre,1.5,22.8652,temperature
2022-09-23T00:00:00Z,fcre,1.5,23.5303,temperature
2022-09-24T00:00:00Z,fcre,1.5,21.5957,temperature
2022-09-25T00:00:00Z,fcre,1.5,21.185,temperature
2022-09-26T00:00:00Z,fcre,1.5,20.6748,temperature
2022-09-27T00:00:00Z,fcre,1.5,20.2595,temperature
2022-09-28T00:00:00Z,fcre,1.5,19.8813,temperature
2022-09-29T00:00:00Z,fcre,1.5,19.6585,temperature
2022-09-30T00:00:00Z,fcre,1.5,18.7525,temperature
2022-10-01T00:00:00Z,fcre,1.5,17.2778,temperature
2022-10-02T00:00:00Z,fcre,1.5,15.9692,temperature
2022-10-03T00:00:00Z,fcre,1.5,15.3045,temperature
2022-10-04T00:00:00Z,fcre,1.5,15.701,temperature
2022-10-05T00:00:00Z,fcre,1.5,15.805,temperature
2022-10-06T00:00:00Z,fcre,1.5,15.2103,temperature
2022-10-07T00:00:00Z,fcre,1.5,15.0623,temperature
2022-10-08T00:00:00Z,fcre,1.5,15.5865,temperature
2022-10-09T00:00:00Z,fcre,1.5,15.176,temperature
2022-10-10T00:00:00Z,fcre,1.5,15.4637,temperature
2022-10-11T00:00:00Z,fcre,1.5,14.7347,temperature
2022-10-12T00:00:00Z,fcre,1.5,15.0703,temperature
2022-10-13T00:00:00Z,fcre,1.5,14.5943,temperature
2022-10-14T00:00:00Z,fcre,1.5,15.7167,temperature
2022-10-15T00:00:00Z,fcre,1.5,15.3125,temperature
2022-10-16T00:00:00Z,fcre,1.5,15.3183,temperature
2022-10-17T00:00:00Z,fcre,1.5,15.2922,temperature
2022-10-18T00:00:00Z,fcre,1.5,15.3773,temperature
2022-10-19T00:00:00Z,fcre,1.5,14.1562,temperature
2022-10-20T00:00:00Z,fcre,1.5,13.1763,temperature
2022-10-21T00:00:00Z,fcre,1.5,12.6132,temperature
2022-10-22T00:00:00Z,fcre,1.5,12.5725,temperature
2022-10-23T00:00:00Z,fcre,1.5,12.7783,temperature
2022-10-24T00:00:00Z,fcre,1.5,12.458,temperature
2022-10-25T00:00:00Z,fcre,1.5,12.3842,temperature
2022-10-26T00:00:00Z,fcre,1.5,13.4793,temperature
2022-10-27T00:00:00Z,fcre,1.5,13.7893,temperature
2022-10-28T00:00:00Z,fcre,1.5,12.9388,temperature
2022-10-29T00:00:00Z,fcre,1.5,12.8657,temperature
2022-10-30T00:00:00Z,fcre,1.5,13.0167,temperature
2022-10-31T00:00:00Z,fcre,1.5,13.051,temperature
2022-11-01T00:00:00Z,fcre,1.5,13.0073,temperature
2022-11-02T00:00:00Z,fcre,1.5,13.21,temperature
2022-11-03T00:00:00Z,fcre,1.5,12.8815,temperature
2022-11-04T00:00:00Z,fcre,1.5,13.1775,temperature
2022-11-05T00:00:00Z,fcre,1.5,13.9388,temperature
2022-11-06T00:00:00Z,fcre,1.5,13.4982,temperature
2022-11-07T00:00:00Z,fcre,1.5,14.2868,temperature
2022-11-08T00:00:00Z,fcre,1.5,14.4838,temperature
2022-11-09T00:00:00Z,fcre,1.5,15.5467,temperature
2022-11-10T00:00:00Z,fcre,1.5,14.4492,temperature
2022-11-11T00:00:00Z,fcre,1.5,14.0995,temperature
2022-11-12T00:00:00Z,fcre,1.5,14.0498,temperature
2022-11-13T00:00:00Z,fcre,1.5,14.6223,temperature
2022-11-14T00:00:00Z,fcre,1.5,13.2527,temperature
2022-09-02T00:00:00Z,fcre,2,24.8402,temperature
2022-09-03T00:00:00Z,fcre,2,25.0583,temperature
2022-09-04T00:00:00Z,fcre,2,25.1138,temperature
2022-09-05T00:00:00Z,fcre,2,25.345,temperature
2022-09-06T00:00:00Z,fcre,2,24.9205,temperature
2022-09-07T00:00:00Z,fcre,2,24.3703,temperature
2022-09-08T00:00:00Z,fcre,2,25.5928,temperature
2022-09-09T00:00:00Z,fcre,2,24.498,temperature
2022-09-10T00:00:00Z,fcre,2,23.943,temperature
2022-09-11T00:00:00Z,fcre,2,23.768,temperature
2022-09-12T00:00:00Z,fcre,2,23.2429,temperature
2022-09-13T00:00:00Z,fcre,2,23.449,temperature
2022-09-14T00:00:00Z,fcre,2,22.923,temperature
2022-09-15T00:00:00Z,fcre,2,22.2775,temperature
2022-09-16T00:00:00Z,fcre,2,22.2346,temperature
2022-09-17T00:00:00Z,fcre,2,22.2448,temperature
2022-09-18T00:00:00Z,fcre,2,22.4955,temperature
2022-09-19T00:00:00Z,fcre,2,22.3157,temperature
2022-09-20T00:00:00Z,fcre,2,22.3805,temperature
2022-09-21T00:00:00Z,fcre,2,22.3739,temperature
2022-09-22T00:00:00Z,fcre,2,22.6062,temperature
2022-09-23T00:00:00Z,fcre,2,23.2712,temperature
2022-09-24T00:00:00Z,fcre,2,21.222,temperature
2022-09-25T00:00:00Z,fcre,2,21.0879,temperature
2022-09-26T00:00:00Z,fcre,2,20.5969,temperature
2022-09-27T00:00:00Z,fcre,2,20.1934,temperature
2022-09-28T00:00:00Z,fcre,2,19.7479,temperature
2022-09-29T00:00:00Z,fcre,2,19.4209,temperature
2022-09-30T00:00:00Z,fcre,2,18.5781,temperature
2022-10-01T00:00:00Z,fcre,2,17.2683,temperature
2022-10-02T00:00:00Z,fcre,2,16.0587,temperature
2022-10-03T00:00:00Z,fcre,2,15.4582,temperature
2022-10-04T00:00:00Z,fcre,2,15.2612,temperature
2022-10-05T00:00:00Z,fcre,2,15.6825,temperature
2022-10-06T00:00:00Z,fcre,2,15.0541,temperature
2022-10-07T00:00:00Z,fcre,2,14.8739,temperature
2022-10-08T00:00:00Z,fcre,2,15.3879,temperature
2022-10-09T00:00:00Z,fcre,2,14.8103,temperature
2022-10-10T00:00:00Z,fcre,2,15.2923,temperature
2022-10-11T00:00:00Z,fcre,2,14.3974,temperature
2022-10-12T00:00:00Z,fcre,2,15.0136,temperature
2022-10-13T00:00:00Z,fcre,2,14.5419,temperature
2022-10-14T00:00:00Z,fcre,2,15.6566,temperature
2022-10-15T00:00:00Z,fcre,2,15.1657,temperature
2022-10-16T00:00:00Z,fcre,2,15.1959,temperature
2022-10-17T00:00:00Z,fcre,2,15.1998,temperature
2022-10-18T00:00:00Z,fcre,2,15.3098,temperature
2022-10-19T00:00:00Z,fcre,2,14.1155,temperature
2022-10-20T00:00:00Z,fcre,2,13.1396,temperature
2022-10-21T00:00:00Z,fcre,2,12.5696,temperature
2022-10-22T00:00:00Z,fcre,2,12.5161,temperature
2022-10-23T00:00:00Z,fcre,2,12.7132,temperature
2022-10-24T00:00:00Z,fcre,2,12.3589,temperature
2022-10-25T00:00:00Z,fcre,2,12.312,temperature
2022-10-26T00:00:00Z,fcre,2,13.2565,temperature
2022-10-27T00:00:00Z,fcre,2,13.5637,temperature
2022-10-28T00:00:00Z,fcre,2,12.6942,temperature
2022-10-29T00:00:00Z,fcre,2,12.8015,temperature
2022-10-30T00:00:00Z,fcre,2,12.9125,temperature
2022-10-31T00:00:00Z,fcre,2,12.9912,temperature
2022-11-01T00:00:00Z,fcre,2,12.943,temperature
2022-11-02T00:00:00Z,fcre,2,13.0581,temperature
2022-11-03T00:00:00Z,fcre,2,12.8347,temperature
2022-11-04T00:00:00Z,fcre,2,13.087,temperature
2022-11-05T00:00:00Z,fcre,2,13.664,temperature
2022-11-06T00:00:00Z,fcre,2,13.315,temperature
2022-11-07T00:00:00Z,fcre,2,13.7839,temperature
2022-11-08T00:00:00Z,fcre,2,14.1647,temperature
2022-11-09T00:00:00Z,fcre,2,14.3709,temperature
2022-11-10T00:00:00Z,fcre,2,14.307,temperature
2022-11-11T00:00:00Z,fcre,2,13.8601,temperature
2022-11-12T00:00:00Z,fcre,2,13.8489,temperature
2022-11-13T00:00:00Z,fcre,2,14.522,temperature
2022-11-14T00:00:00Z,fcre,2,13.2247,temperature
2022-09-02T00:00:00Z,fcre,3,21.2856,temperature
2022-09-03T00:00:00Z,fcre,3,20.0595,temperature
2022-09-04T00:00:00Z,fcre,3,20.1231,temperature
2022-09-05T00:00:00Z,fcre,3,21.4651,temperature
2022-09-06T00:00:00Z,fcre,3,21.3323,temperature
2022-09-07T00:00:00Z,fcre,3,22.0929,temperature
2022-09-08T00:00:00Z,fcre,3,22.3388,temperature
2022-09-09T00:00:00Z,fcre,3,20.8144,temperature
2022-09-10T00:00:00Z,fcre,3,22.1019,temperature
2022-09-11T00:00:00Z,fcre,3,21.7641,temperature
2022-09-12T00:00:00Z,fcre,3,22.1697,temperature
2022-09-13T00:00:00Z,fcre,3,21.5585,temperature
2022-09-14T00:00:00Z,fcre,3,21.9069,temperature
2022-09-15T00:00:00Z,fcre,3,21.8994,temperature
2022-09-16T00:00:00Z,fcre,3,21.5609,temperature
2022-09-17T00:00:00Z,fcre,3,21.4543,temperature
2022-09-18T00:00:00Z,fcre,3,21.2173,temperature
2022-09-19T00:00:00Z,fcre,3,21.2263,temperature
2022-09-20T00:00:00Z,fcre,3,21.3989,temperature
2022-09-21T00:00:00Z,fcre,3,21.8268,temperature
2022-09-22T00:00:00Z,fcre,3,20.8982,temperature
2022-09-23T00:00:00Z,fcre,3,20.8712,temperature
2022-09-24T00:00:00Z,fcre,3,20.5439,temperature
2022-09-25T00:00:00Z,fcre,3,20.5079,temperature
2022-09-26T00:00:00Z,fcre,3,20.2507,temperature
2022-09-27T00:00:00Z,fcre,3,19.8773,temperature
2022-09-28T00:00:00Z,fcre,3,19.4781,temperature
2022-09-29T00:00:00Z,fcre,3,18.6547,temperature
2022-09-30T00:00:00Z,fcre,3,18.0148,temperature
2022-10-01T00:00:00Z,fcre,3,17.2709,temperature
2022-10-02T00:00:00Z,fcre,3,16.0591,temperature
2022-10-03T00:00:00Z,fcre,3,15.4649,temperature
2022-10-04T00:00:00Z,fcre,3,14.8982,temperature
2022-10-05T00:00:00Z,fcre,3,15.4015,temperature
2022-10-06T00:00:00Z,fcre,3,14.645,temperature
2022-10-07T00:00:00Z,fcre,3,14.6753,temperature
2022-10-08T00:00:00Z,fcre,3,14.7941,temperature
2022-10-09T00:00:00Z,fcre,3,14.6792,temperature
2022-10-10T00:00:00Z,fcre,3,14.5129,temperature
2022-10-11T00:00:00Z,fcre,3,14.2975,temperature
2022-10-12T00:00:00Z,fcre,3,14.2651,temperature
2022-10-13T00:00:00Z,fcre,3,14.3478,temperature
2022-10-14T00:00:00Z,fcre,3,14.5253,temperature
2022-10-15T00:00:00Z,fcre,3,14.3896,temperature
2022-10-16T00:00:00Z,fcre,3,14.4708,temperature
2022-10-17T00:00:00Z,fcre,3,14.4801,temperature
2022-10-18T00:00:00Z,fcre,3,14.4133,temperature
2022-10-19T00:00:00Z,fcre,3,14.110900000000001,temperature
2022-10-20T00:00:00Z,fcre,3,13.1269,temperature
2022-10-21T00:00:00Z,fcre,3,12.5532,temperature
2022-10-22T00:00:00Z,fcre,3,12.4178,temperature
2022-10-23T00:00:00Z,fcre,3,12.4136,temperature
2022-10-24T00:00:00Z,fcre,3,12.2242,temperature
2022-10-25T00:00:00Z,fcre,3,12.2386,temperature
2022-10-26T00:00:00Z,fcre,3,12.5255,temperature
2022-10-27T00:00:00Z,fcre,3,12.7641,temperature
2022-10-28T00:00:00Z,fcre,3,12.5995,temperature
2022-10-29T00:00:00Z,fcre,3,12.7019,temperature
2022-10-30T00:00:00Z,fcre,3,12.8068,temperature
2022-10-31T00:00:00Z,fcre,3,12.9033,temperature
2022-11-01T00:00:00Z,fcre,3,12.8776,temperature
2022-11-02T00:00:00Z,fcre,3,12.7251,temperature
2022-11-03T00:00:00Z,fcre,3,12.795,temperature
2022-11-04T00:00:00Z,fcre,3,12.9498,temperature
2022-11-05T00:00:00Z,fcre,3,13.0499,temperature
2022-11-06T00:00:00Z,fcre,3,12.8846,temperature
2022-11-07T00:00:00Z,fcre,3,12.918,temperature
2022-11-08T00:00:00Z,fcre,3,13.1319,temperature
2022-11-09T00:00:00Z,fcre,3,12.9026,temperature
2022-11-10T00:00:00Z,fcre,3,12.8976,temperature
2022-11-11T00:00:00Z,fcre,3,13.5761,temperature
2022-11-12T00:00:00Z,fcre,3,13.132,temperature
2022-11-13T00:00:00Z,fcre,3,14.0076,temperature
2022-11-14T00:00:00Z,fcre,3,13.2296,temperature
2022-09-02T00:00:00Z,fcre,4,14.7343,temperature
2022-09-03T00:00:00Z,fcre,4,15.6065,temperature
2022-09-04T00:00:00Z,fcre,4,15.4096,temperature
2022-09-05T00:00:00Z,fcre,4,14.6052,temperature
2022-09-06T00:00:00Z,fcre,4,15.3279,temperature
2022-09-07T00:00:00Z,fcre,4,14.8174,temperature
2022-09-08T00:00:00Z,fcre,4,14.6796,temperature
2022-09-09T00:00:00Z,fcre,4,16.0846,temperature
2022-09-10T00:00:00Z,fcre,4,15.4284,temperature
2022-09-11T00:00:00Z,fcre,4,15.288,temperature
2022-09-12T00:00:00Z,fcre,4,15.4945,temperature
2022-09-13T00:00:00Z,fcre,4,15.2566,temperature
2022-09-14T00:00:00Z,fcre,4,15.8584,temperature
2022-09-15T00:00:00Z,fcre,4,15.5754,temperature
2022-09-16T00:00:00Z,fcre,4,15.3937,temperature
2022-09-17T00:00:00Z,fcre,4,16.1164,temperature
2022-09-18T00:00:00Z,fcre,4,16.4134,temperature
2022-09-19T00:00:00Z,fcre,4,15.7075,temperature
2022-09-20T00:00:00Z,fcre,4,16.7332,temperature
2022-09-21T00:00:00Z,fcre,4,16.6956,temperature
2022-09-22T00:00:00Z,fcre,4,17.0827,temperature
2022-09-23T00:00:00Z,fcre,4,18.0998,temperature
2022-09-24T00:00:00Z,fcre,4,16.7452,temperature
2022-09-25T00:00:00Z,fcre,4,16.1902,temperature
2022-09-26T00:00:00Z,fcre,4,16.7206,temperature
2022-09-27T00:00:00Z,fcre,4,17.2443,temperature
2022-09-28T00:00:00Z,fcre,4,16.7546,temperature
2022-09-29T00:00:00Z,fcre,4,18.2959,temperature
2022-09-30T00:00:00Z,fcre,4,17.4605,temperature
2022-10-01T00:00:00Z,fcre,4,17.1871,temperature
2022-10-02T00:00:00Z,fcre,4,15.9977,temperature
2022-10-03T00:00:00Z,fcre,4,15.4082,temperature
2022-10-04T00:00:00Z,fcre,4,14.7585,temperature
2022-10-05T00:00:00Z,fcre,4,14.798,temperature
2022-10-06T00:00:00Z,fcre,4,14.4993,temperature
2022-10-07T00:00:00Z,fcre,4,14.5818,temperature
2022-10-08T00:00:00Z,fcre,4,14.6137,temperature
2022-10-09T00:00:00Z,fcre,4,14.5086,temperature
2022-10-10T00:00:00Z,fcre,4,14.3749,temperature
2022-10-11T00:00:00Z,fcre,4,14.1868,temperature
2022-10-12T00:00:00Z,fcre,4,14.1403,temperature
2022-10-13T00:00:00Z,fcre,4,14.1867,temperature
2022-10-14T00:00:00Z,fcre,4,14.1053,temperature
2022-10-15T00:00:00Z,fcre,4,14.1219,temperature
2022-10-16T00:00:00Z,fcre,4,14.2429,temperature
2022-10-17T00:00:00Z,fcre,4,14.1955,temperature
2022-10-18T00:00:00Z,fcre,4,14.1436,temperature
2022-10-19T00:00:00Z,fcre,4,14.046,temperature
2022-10-20T00:00:00Z,fcre,4,13.0365,temperature
2022-10-21T00:00:00Z,fcre,4,12.4583,temperature
2022-10-22T00:00:00Z,fcre,4,12.3129,temperature
2022-10-23T00:00:00Z,fcre,4,12.207,temperature
2022-10-24T00:00:00Z,fcre,4,12.0777,temperature
2022-10-25T00:00:00Z,fcre,4,12.0903,temperature
2022-10-26T00:00:00Z,fcre,4,12.2229,temperature
2022-10-27T00:00:00Z,fcre,4,12.2068,temperature
2022-10-28T00:00:00Z,fcre,4,12.4387,temperature
2022-10-29T00:00:00Z,fcre,4,12.4784,temperature
2022-10-30T00:00:00Z,fcre,4,12.5692,temperature
2022-10-31T00:00:00Z,fcre,4,12.5986,temperature
2022-11-01T00:00:00Z,fcre,4,12.5844,temperature
2022-11-02T00:00:00Z,fcre,4,12.4836,temperature
2022-11-03T00:00:00Z,fcre,4,12.7006,temperature
2022-11-04T00:00:00Z,fcre,4,12.6397,temperature
2022-11-05T00:00:00Z,fcre,4,12.7042,temperature
2022-11-06T00:00:00Z,fcre,4,12.4118,temperature
2022-11-07T00:00:00Z,fcre,4,12.5745,temperature
2022-11-08T00:00:00Z,fcre,4,12.5135,temperature
2022-11-09T00:00:00Z,fcre,4,12.6758,temperature
2022-11-10T00:00:00Z,fcre,4,12.6111,temperature
2022-11-11T00:00:00Z,fcre,4,12.7773,temperature
2022-11-12T00:00:00Z,fcre,4,12.6207,temperature
2022-11-13T00:00:00Z,fcre,4,12.7327,temperature
2022-11-14T00:00:00Z,fcre,4,13.1581,temperature
2022-09-02T00:00:00Z,fcre,5,0,oxygen
2022-09-03T00:00:00Z,fcre,5,0,oxygen
2022-09-04T00:00:00Z,fcre,5,0,oxygen
2022-09-05T00:00:00Z,fcre,5,0,oxygen
2022-09-06T00:00:00Z,fcre,5,0,oxygen
2022-09-07T00:00:00Z,fcre,5,0,oxygen
2022-09-08T00:00:00Z,fcre,5,0,oxygen
2022-09-09T00:00:00Z,fcre,5,0,oxygen
2022-09-10T00:00:00Z,fcre,5,0,oxygen
2022-09-11T00:00:00Z,fcre,5,0,oxygen
2022-09-12T00:00:00Z,fcre,5,0,oxygen
2022-09-13T00:00:00Z,fcre,5,0,oxygen
2022-09-14T00:00:00Z,fcre,5,0,oxygen
2022-09-15T00:00:00Z,fcre,5,0,oxygen
2022-09-16T00:00:00Z,fcre,5,0,oxygen
2022-09-17T00:00:00Z,fcre,5,0,oxygen
2022-09-18T00:00:00Z,fcre,5,0,oxygen
2022-09-19T00:00:00Z,fcre,5,0,oxygen
2022-09-20T00:00:00Z,fcre,5,0,oxygen
2022-09-21T00:00:00Z,fcre,5,0,oxygen
2022-09-22T00:00:00Z,fcre,5,0,oxygen
2022-09-23T00:00:00Z,fcre,5,0,oxygen
2022-09-24T00:00:00Z,fcre,5,0,oxygen
2022-09-25T00:00:00Z,fcre,5,0,oxygen
2022-09-26T00:00:00Z,fcre,5,0,oxygen
2022-09-27T00:00:00Z,fcre,5,0,oxygen
2022-09-28T00:00:00Z,fcre,5,0,oxygen
2022-09-29T00:00:00Z,fcre,5,0,oxygen
2022-09-30T00:00:00Z,fcre,5,0,oxygen
2022-10-01T00:00:00Z,fcre,5,220.3554,oxygen
2022-10-02T00:00:00Z,fcre,5,114.8047,oxygen
2022-10-03T00:00:00Z,fcre,5,222.9709,oxygen
2022-10-04T00:00:00Z,fcre,5,185.8985,oxygen
2022-10-05T00:00:00Z,fcre,5,147.0028,oxygen
2022-10-06T00:00:00Z,fcre,5,202.4439,oxygen
2022-10-07T00:00:00Z,fcre,5,208.3611,oxygen
2022-10-08T00:00:00Z,fcre,5,203.4551,oxygen
2022-10-09T00:00:00Z,fcre,5,145.1577,oxygen
2022-10-10T00:00:00Z,fcre,5,216.0482,oxygen
2022-10-11T00:00:00Z,fcre,5,241.7402,oxygen
2022-10-12T00:00:00Z,fcre,5,231.6179,oxygen
2022-10-13T00:00:00Z,fcre,5,210.9061,oxygen
2022-10-14T00:00:00Z,fcre,5,166.413,oxygen
2022-10-15T00:00:00Z,fcre,5,228.0108,oxygen
2022-10-16T00:00:00Z,fcre,5,206.8815,oxygen
2022-10-17T00:00:00Z,fcre,5,180.2374,oxygen
2022-10-18T00:00:00Z,fcre,5,141.0066,oxygen
2022-10-19T00:00:00Z,fcre,5,270.2633,oxygen
2022-10-20T00:00:00Z,fcre,5,223.9838,oxygen
2022-10-21T00:00:00Z,fcre,5,249.932,oxygen
2022-10-22T00:00:00Z,fcre,5,253.8406,oxygen
2022-10-23T00:00:00Z,fcre,5,248.042,oxygen
2022-10-24T00:00:00Z,fcre,5,246.8406,oxygen
2022-10-25T00:00:00Z,fcre,5,241.4266,oxygen
2022-10-26T00:00:00Z,fcre,5,238.2802,oxygen
2022-10-27T00:00:00Z,fcre,5,234.0052,oxygen
2022-10-28T00:00:00Z,fcre,5,224.7692,oxygen
2022-10-29T00:00:00Z,fcre,5,221.3989,oxygen
2022-10-30T00:00:00Z,fcre,5,218.5427,oxygen
2022-10-31T00:00:00Z,fcre,5,212.6738,oxygen
2022-11-01T00:00:00Z,fcre,5,210.6823,oxygen
2022-11-02T00:00:00Z,fcre,5,199.1063,oxygen
2022-11-03T00:00:00Z,fcre,5,195.8061,oxygen
2022-11-04T00:00:00Z,fcre,5,196.5143,oxygen
2022-11-05T00:00:00Z,fcre,5,193.6438,oxygen
2022-11-06T00:00:00Z,fcre,5,185.9861,oxygen
2022-11-07T00:00:00Z,fcre,5,183.3009,oxygen
2022-11-08T00:00:00Z,fcre,5,171.9601,oxygen
2022-11-09T00:00:00Z,fcre,5,156.1372,oxygen
2022-11-10T00:00:00Z,fcre,5,150.3032,oxygen
2022-11-11T00:00:00Z,fcre,5,143.7633,oxygen
2022-11-12T00:00:00Z,fcre,5,140.1909,oxygen
2022-11-13T00:00:00Z,fcre,5,127.817,oxygen
2022-11-14T00:00:00Z,fcre,5,302.1232,oxygen
2022-09-02T00:00:00Z,fcre,5,12.2559,temperature
2022-09-03T00:00:00Z,fcre,5,11.836,temperature
2022-09-04T00:00:00Z,fcre,5,11.667,temperature
2022-09-05T00:00:00Z,fcre,5,11.7578,temperature
2022-09-06T00:00:00Z,fcre,5,11.8284,temperature
2022-09-07T00:00:00Z,fcre,5,11.761,temperature
2022-09-08T00:00:00Z,fcre,5,12.0033,temperature
2022-09-09T00:00:00Z,fcre,5,11.8725,temperature
2022-09-10T00:00:00Z,fcre,5,11.9598,temperature
2022-09-11T00:00:00Z,fcre,5,11.9777,temperature
2022-09-12T00:00:00Z,fcre,5,11.9813,temperature
2022-09-13T00:00:00Z,fcre,5,12.181,temperature
2022-09-14T00:00:00Z,fcre,5,12.033,temperature
2022-09-15T00:00:00Z,fcre,5,12.1495,temperature
2022-09-16T00:00:00Z,fcre,5,12.036,temperature
2022-09-17T00:00:00Z,fcre,5,12.0348,temperature
2022-09-18T00:00:00Z,fcre,5,12.1326,temperature
2022-09-19T00:00:00Z,fcre,5,12.2237,temperature
2022-09-20T00:00:00Z,fcre,5,12.4385,temperature
2022-09-21T00:00:00Z,fcre,5,12.0398,temperature
2022-09-22T00:00:00Z,fcre,5,12.2276,temperature
2022-09-23T00:00:00Z,fcre,5,12.4843,temperature
2022-09-24T00:00:00Z,fcre,5,12.477,temperature
2022-09-25T00:00:00Z,fcre,5,12.9247,temperature
2022-09-26T00:00:00Z,fcre,5,12.7593,temperature
2022-09-27T00:00:00Z,fcre,5,12.2724,temperature
2022-09-28T00:00:00Z,fcre,5,12.8038,temperature
2022-09-29T00:00:00Z,fcre,5,12.8204,temperature
2022-09-30T00:00:00Z,fcre,5,12.6912,temperature
2022-10-01T00:00:00Z,fcre,5,17.0223,temperature
2022-10-02T00:00:00Z,fcre,5,15.1922,temperature
2022-10-03T00:00:00Z,fcre,5,15.4482,temperature
2022-10-04T00:00:00Z,fcre,5,14.7337,temperature
2022-10-05T00:00:00Z,fcre,5,14.5871,temperature
2022-10-06T00:00:00Z,fcre,5,14.4739,temperature
2022-10-07T00:00:00Z,fcre,5,14.5743,temperature
2022-10-08T00:00:00Z,fcre,5,14.5772,temperature
2022-10-09T00:00:00Z,fcre,5,14.3173,temperature
2022-10-10T00:00:00Z,fcre,5,14.334,temperature
2022-10-11T00:00:00Z,fcre,5,14.1748,temperature
2022-10-12T00:00:00Z,fcre,5,14.1439,temperature
2022-10-13T00:00:00Z,fcre,5,14.1338,temperature
2022-10-14T00:00:00Z,fcre,5,13.9372,temperature
2022-10-15T00:00:00Z,fcre,5,14.0001,temperature
2022-10-16T00:00:00Z,fcre,5,14.056,temperature
2022-10-17T00:00:00Z,fcre,5,13.9822,temperature
2022-10-18T00:00:00Z,fcre,5,13.8499,temperature
2022-10-19T00:00:00Z,fcre,5,14.0352,temperature
2022-10-20T00:00:00Z,fcre,5,13.0132,temperature
2022-10-21T00:00:00Z,fcre,5,12.4742,temperature
2022-10-22T00:00:00Z,fcre,5,12.2751,temperature
2022-10-23T00:00:00Z,fcre,5,12.2065,temperature
2022-10-24T00:00:00Z,fcre,5,12.1177,temperature
2022-10-25T00:00:00Z,fcre,5,12.1247,temperature
2022-10-26T00:00:00Z,fcre,5,12.1861,temperature
2022-10-27T00:00:00Z,fcre,5,12.1795,temperature
2022-10-28T00:00:00Z,fcre,5,12.371,temperature
2022-10-29T00:00:00Z,fcre,5,12.2671,temperature
2022-10-30T00:00:00Z,fcre,5,12.328,temperature
2022-10-31T00:00:00Z,fcre,5,12.3209,temperature
2022-11-01T00:00:00Z,fcre,5,12.3139,temperature
2022-11-02T00:00:00Z,fcre,5,12.331,temperature
2022-11-03T00:00:00Z,fcre,5,12.4485,temperature
2022-11-04T00:00:00Z,fcre,5,12.38,temperature
2022-11-05T00:00:00Z,fcre,5,12.3796,temperature
2022-11-06T00:00:00Z,fcre,5,12.3856,temperature
2022-11-07T00:00:00Z,fcre,5,12.4074,temperature
2022-11-08T00:00:00Z,fcre,5,12.4089,temperature
2022-11-09T00:00:00Z,fcre,5,12.5372,temperature
2022-11-10T00:00:00Z,fcre,5,12.4602,temperature
2022-11-11T00:00:00Z,fcre,5,12.4569,temperature
2022-11-12T00:00:00Z,fcre,5,12.4834,temperature
2022-11-13T00:00:00Z,fcre,5,12.5355,temperature
2022-11-14T00:00:00Z,fcre,5,13.1959,temperature
2022-09-02T00:00:00Z,fcre,6,11.6092,temperature
2022-09-03T00:00:00Z,fcre,6,11.6354,temperature
2022-09-04T00:00:00Z,fcre,6,11.6523,temperature
2022-09-05T00:00:00Z,fcre,6,11.6753,temperature
2022-09-06T00:00:00Z,fcre,6,11.7088,temperature
2022-09-07T00:00:00Z,fcre,6,11.7205,temperature
2022-09-08T00:00:00Z,fcre,6,11.738,temperature
2022-09-09T00:00:00Z,fcre,6,11.7684,temperature
2022-09-10T00:00:00Z,fcre,6,11.7942,temperature
2022-09-11T00:00:00Z,fcre,6,11.817,temperature
2022-09-12T00:00:00Z,fcre,6,11.8335,temperature
2022-09-13T00:00:00Z,fcre,6,11.8477,temperature
2022-09-14T00:00:00Z,fcre,6,11.8724,temperature
2022-09-15T00:00:00Z,fcre,6,11.8962,temperature
2022-09-16T00:00:00Z,fcre,6,11.9098,temperature
2022-09-17T00:00:00Z,fcre,6,11.9292,temperature
2022-09-18T00:00:00Z,fcre,6,11.9454,temperature
2022-09-19T00:00:00Z,fcre,6,11.9737,temperature
2022-09-20T00:00:00Z,fcre,6,11.9862,temperature
2022-09-21T00:00:00Z,fcre,6,12.0017,temperature
2022-09-22T00:00:00Z,fcre,6,12.0335,temperature
2022-09-23T00:00:00Z,fcre,6,12.0502,temperature
2022-09-24T00:00:00Z,fcre,6,12.0856,temperature
2022-09-25T00:00:00Z,fcre,6,12.1033,temperature
2022-09-26T00:00:00Z,fcre,6,12.121,temperature
2022-09-27T00:00:00Z,fcre,6,12.1416,temperature
2022-09-28T00:00:00Z,fcre,6,12.1673,temperature
2022-09-29T00:00:00Z,fcre,6,12.1997,temperature
2022-09-30T00:00:00Z,fcre,6,12.2023,temperature
2022-10-01T00:00:00Z,fcre,6,12.2245,temperature
2022-10-02T00:00:00Z,fcre,6,12.7606,temperature
2022-10-03T00:00:00Z,fcre,6,12.7713,temperature
2022-10-04T00:00:00Z,fcre,6,14.1921,temperature
2022-10-05T00:00:00Z,fcre,6,13.9229,temperature
2022-10-06T00:00:00Z,fcre,6,14.141,temperature
2022-10-07T00:00:00Z,fcre,6,13.3142,temperature
2022-10-08T00:00:00Z,fcre,6,12.6693,temperature
2022-10-09T00:00:00Z,fcre,6,13.8874,temperature
2022-10-10T00:00:00Z,fcre,6,13.2412,temperature
2022-10-11T00:00:00Z,fcre,6,13.4618,temperature
2022-10-12T00:00:00Z,fcre,6,13.1943,temperature
2022-10-13T00:00:00Z,fcre,6,12.9613,temperature
2022-10-14T00:00:00Z,fcre,6,13.0785,temperature
2022-10-15T00:00:00Z,fcre,6,13.0298,temperature
2022-10-16T00:00:00Z,fcre,6,13.0935,temperature
2022-10-17T00:00:00Z,fcre,6,13.2501,temperature
2022-10-18T00:00:00Z,fcre,6,13.1287,temperature
2022-10-19T00:00:00Z,fcre,6,13.3286,temperature
2022-10-20T00:00:00Z,fcre,6,12.9524,temperature
2022-10-21T00:00:00Z,fcre,6,12.3948,temperature
2022-10-22T00:00:00Z,fcre,6,12.2632,temperature
2022-10-23T00:00:00Z,fcre,6,12.1637,temperature
2022-10-24T00:00:00Z,fcre,6,12.1312,temperature
2022-10-25T00:00:00Z,fcre,6,12.1312,temperature
2022-10-26T00:00:00Z,fcre,6,12.1631,temperature
2022-10-27T00:00:00Z,fcre,6,12.181,temperature
2022-10-28T00:00:00Z,fcre,6,12.2297,temperature
2022-10-29T00:00:00Z,fcre,6,12.2519,temperature
2022-10-30T00:00:00Z,fcre,6,12.2726,temperature
2022-10-31T00:00:00Z,fcre,6,12.2897,temperature
2022-11-01T00:00:00Z,fcre,6,12.3089,temperature
2022-11-02T00:00:00Z,fcre,6,12.3211,temperature
2022-11-03T00:00:00Z,fcre,6,12.338,temperature
2022-11-04T00:00:00Z,fcre,6,12.357,temperature
2022-11-05T00:00:00Z,fcre,6,12.3673,temperature
2022-11-06T00:00:00Z,fcre,6,12.3944,temperature
2022-11-07T00:00:00Z,fcre,6,12.4089,temperature
2022-11-08T00:00:00Z,fcre,6,12.4095,temperature
2022-11-09T00:00:00Z,fcre,6,12.4402,temperature
2022-11-10T00:00:00Z,fcre,6,12.4343,temperature
2022-11-11T00:00:00Z,fcre,6,12.4454,temperature
2022-11-12T00:00:00Z,fcre,6,12.461,temperature
2022-11-13T00:00:00Z,fcre,6,12.4873,temperature
2022-11-14T00:00:00Z,fcre,6,13.0876,temperature
2022-09-02T00:00:00Z,fcre,7,11.6105,temperature
2022-09-03T00:00:00Z,fcre,7,11.6317,temperature
2022-09-04T00:00:00Z,fcre,7,11.6559,temperature
2022-09-05T00:00:00Z,fcre,7,11.6757,temperature
2022-09-06T00:00:00Z,fcre,7,11.7091,temperature
2022-09-07T00:00:00Z,fcre,7,11.7266,temperature
2022-09-08T00:00:00Z,fcre,7,11.741,temperature
2022-09-09T00:00:00Z,fcre,7,11.7733,temperature
2022-09-10T00:00:00Z,fcre,7,11.797,temperature
2022-09-11T00:00:00Z,fcre,7,11.8172,temperature
2022-09-12T00:00:00Z,fcre,7,11.8377,temperature
2022-09-13T00:00:00Z,fcre,7,11.8536,temperature
2022-09-14T00:00:00Z,fcre,7,11.874,temperature
2022-09-15T00:00:00Z,fcre,7,11.8989,temperature
2022-09-16T00:00:00Z,fcre,7,11.909,temperature
2022-09-17T00:00:00Z,fcre,7,11.9332,temperature
2022-09-18T00:00:00Z,fcre,7,11.9491,temperature
2022-09-19T00:00:00Z,fcre,7,11.9746,temperature
2022-09-20T00:00:00Z,fcre,7,11.992,temperature
2022-09-21T00:00:00Z,fcre,7,12.0062,temperature
2022-09-22T00:00:00Z,fcre,7,12.0325,temperature
2022-09-23T00:00:00Z,fcre,7,12.0489,temperature
2022-09-24T00:00:00Z,fcre,7,12.0817,temperature
2022-09-25T00:00:00Z,fcre,7,12.103,temperature
2022-09-26T00:00:00Z,fcre,7,12.1272,temperature
2022-09-27T00:00:00Z,fcre,7,12.1453,temperature
2022-09-28T00:00:00Z,fcre,7,12.1667,temperature
2022-09-29T00:00:00Z,fcre,7,12.1918,temperature
2022-09-30T00:00:00Z,fcre,7,12.2071,temperature
2022-10-01T00:00:00Z,fcre,7,12.2256,temperature
2022-10-02T00:00:00Z,fcre,7,12.2285,temperature
2022-10-03T00:00:00Z,fcre,7,12.2247,temperature
2022-10-04T00:00:00Z,fcre,7,12.2318,temperature
2022-10-05T00:00:00Z,fcre,7,12.3057,temperature
2022-10-06T00:00:00Z,fcre,7,12.3837,temperature
2022-10-07T00:00:00Z,fcre,7,12.4671,temperature
2022-10-08T00:00:00Z,fcre,7,12.5363,temperature
2022-10-09T00:00:00Z,fcre,7,12.6014,temperature
2022-10-10T00:00:00Z,fcre,7,12.679,temperature
2022-10-11T00:00:00Z,fcre,7,12.7348,temperature
2022-10-12T00:00:00Z,fcre,7,12.7838,temperature
2022-10-13T00:00:00Z,fcre,7,12.8352,temperature
2022-10-14T00:00:00Z,fcre,7,12.8812,temperature
2022-10-15T00:00:00Z,fcre,7,12.9359,temperature
2022-10-16T00:00:00Z,fcre,7,12.9875,temperature
2022-10-17T00:00:00Z,fcre,7,13.037,temperature
2022-10-18T00:00:00Z,fcre,7,13.0783,temperature
2022-10-19T00:00:00Z,fcre,7,13.124,temperature
2022-10-20T00:00:00Z,fcre,7,12.8493,temperature
2022-10-21T00:00:00Z,fcre,7,12.3649,temperature
2022-10-22T00:00:00Z,fcre,7,12.2521,temperature
2022-10-23T00:00:00Z,fcre,7,12.1169,temperature
2022-10-24T00:00:00Z,fcre,7,12.1391,temperature
2022-10-25T00:00:00Z,fcre,7,12.1371,temperature
2022-10-26T00:00:00Z,fcre,7,12.1615,temperature
2022-10-27T00:00:00Z,fcre,7,12.1865,temperature
2022-10-28T00:00:00Z,fcre,7,12.2224,temperature
2022-10-29T00:00:00Z,fcre,7,12.2561,temperature
2022-10-30T00:00:00Z,fcre,7,12.276,temperature
2022-10-31T00:00:00Z,fcre,7,12.2961,temperature
2022-11-01T00:00:00Z,fcre,7,12.3112,temperature
2022-11-02T00:00:00Z,fcre,7,12.3278,temperature
2022-11-03T00:00:00Z,fcre,7,12.3412,temperature
2022-11-04T00:00:00Z,fcre,7,12.3627,temperature
2022-11-05T00:00:00Z,fcre,7,12.3747,temperature
2022-11-06T00:00:00Z,fcre,7,12.4011,temperature
2022-11-07T00:00:00Z,fcre,7,12.4158,temperature
2022-11-08T00:00:00Z,fcre,7,12.4124,temperature
2022-11-09T00:00:00Z,fcre,7,12.4249,temperature
2022-11-10T00:00:00Z,fcre,7,12.4374,temperature
2022-11-11T00:00:00Z,fcre,7,12.4515,temperature
2022-11-12T00:00:00Z,fcre,7,12.466,temperature
2022-11-13T00:00:00Z,fcre,7,12.4916,temperature
2022-11-14T00:00:00Z,fcre,7,12.5546,temperature
2022-09-02T00:00:00Z,fcre,8,11.5938,temperature
2022-09-03T00:00:00Z,fcre,8,11.6195,temperature
2022-09-04T00:00:00Z,fcre,8,11.6399,temperature
2022-09-05T00:00:00Z,fcre,8,11.6588,temperature
2022-09-06T00:00:00Z,fcre,8,11.6831,temperature
2022-09-07T00:00:00Z,fcre,8,11.7056,temperature
2022-09-08T00:00:00Z,fcre,8,11.7239,temperature
2022-09-09T00:00:00Z,fcre,8,11.756,temperature
2022-09-10T00:00:00Z,fcre,8,11.7757,temperature
2022-09-11T00:00:00Z,fcre,8,11.7975,temperature
2022-09-12T00:00:00Z,fcre,8,11.8186,temperature
2022-09-13T00:00:00Z,fcre,8,11.8362,temperature
2022-09-14T00:00:00Z,fcre,8,11.8562,temperature
2022-09-15T00:00:00Z,fcre,8,11.8811,temperature
2022-09-16T00:00:00Z,fcre,8,11.8918,temperature
2022-09-17T00:00:00Z,fcre,8,11.916,temperature
2022-09-18T00:00:00Z,fcre,8,11.9323,temperature
2022-09-19T00:00:00Z,fcre,8,11.9562,temperature
2022-09-20T00:00:00Z,fcre,8,11.9738,temperature
2022-09-21T00:00:00Z,fcre,8,11.989,temperature
2022-09-22T00:00:00Z,fcre,8,12.0124,temperature
2022-09-23T00:00:00Z,fcre,8,12.0303,temperature
2022-09-24T00:00:00Z,fcre,8,12.0637,temperature
2022-09-25T00:00:00Z,fcre,8,12.0838,temperature
2022-09-26T00:00:00Z,fcre,8,12.1108,temperature
2022-09-27T00:00:00Z,fcre,8,12.1258,temperature
2022-09-28T00:00:00Z,fcre,8,12.1478,temperature
2022-09-29T00:00:00Z,fcre,8,12.1727,temperature
2022-09-30T00:00:00Z,fcre,8,12.1895,temperature
2022-10-01T00:00:00Z,fcre,8,12.2084,temperature
2022-10-02T00:00:00Z,fcre,8,12.1975,temperature
2022-10-03T00:00:00Z,fcre,8,12.1746,temperature
2022-10-04T00:00:00Z,fcre,8,12.1708,temperature
2022-10-05T00:00:00Z,fcre,8,12.2687,temperature
2022-10-06T00:00:00Z,fcre,8,12.3604,temperature
2022-10-07T00:00:00Z,fcre,8,12.4446,temperature
2022-10-08T00:00:00Z,fcre,8,12.5194,temperature
2022-10-09T00:00:00Z,fcre,8,12.5804,temperature
2022-10-10T00:00:00Z,fcre,8,12.6465,temperature
2022-10-11T00:00:00Z,fcre,8,12.7107,temperature
2022-10-12T00:00:00Z,fcre,8,12.7623,temperature
2022-10-13T00:00:00Z,fcre,8,12.8183,temperature
2022-10-14T00:00:00Z,fcre,8,12.8652,temperature
2022-10-15T00:00:00Z,fcre,8,12.9138,temperature
2022-10-16T00:00:00Z,fcre,8,12.9646,temperature
2022-10-17T00:00:00Z,fcre,8,13.0159,temperature
2022-10-18T00:00:00Z,fcre,8,13.0581,temperature
2022-10-19T00:00:00Z,fcre,8,13.102,temperature
2022-10-20T00:00:00Z,fcre,8,12.8021,temperature
2022-10-21T00:00:00Z,fcre,8,12.3314,temperature
2022-10-22T00:00:00Z,fcre,8,12.2208,temperature
2022-10-23T00:00:00Z,fcre,8,12.08,temperature
2022-10-24T00:00:00Z,fcre,8,12.1218,temperature
2022-10-25T00:00:00Z,fcre,8,12.1193,temperature
2022-10-26T00:00:00Z,fcre,8,12.144,temperature
2022-10-27T00:00:00Z,fcre,8,12.1704,temperature
2022-10-28T00:00:00Z,fcre,8,12.2024,temperature
2022-10-29T00:00:00Z,fcre,8,12.2348,temperature
2022-10-30T00:00:00Z,fcre,8,12.2577,temperature
2022-10-31T00:00:00Z,fcre,8,12.2768,temperature
2022-11-01T00:00:00Z,fcre,8,12.2932,temperature
2022-11-02T00:00:00Z,fcre,8,12.3122,temperature
2022-11-03T00:00:00Z,fcre,8,12.3228,temperature
2022-11-04T00:00:00Z,fcre,8,12.3461,temperature
2022-11-05T00:00:00Z,fcre,8,12.3575,temperature
2022-11-06T00:00:00Z,fcre,8,12.3852,temperature
2022-11-07T00:00:00Z,fcre,8,12.4007,temperature
2022-11-08T00:00:00Z,fcre,8,12.3889,temperature
2022-11-09T00:00:00Z,fcre,8,12.4003,temperature
2022-11-10T00:00:00Z,fcre,8,12.4199,temperature
2022-11-11T00:00:00Z,fcre,8,12.4363,temperature
2022-11-12T00:00:00Z,fcre,8,12.449,temperature
2022-11-13T00:00:00Z,fcre,8,12.4749,temperature
2022-11-14T00:00:00Z,fcre,8,12.5061,temperature
2022-09-02T00:00:00Z,fcre,9,0,oxygen
2022-09-03T00:00:00Z,fcre,9,0,oxygen
2022-09-04T00:00:00Z,fcre,9,0,oxygen
2022-09-05T00:00:00Z,fcre,9,0,oxygen
2022-09-06T00:00:00Z,fcre,9,0,oxygen
2022-09-07T00:00:00Z,fcre,9,0,oxygen
2022-09-08T00:00:00Z,fcre,9,0,oxygen
2022-09-09T00:00:00Z,fcre,9,0,oxygen
2022-09-10T00:00:00Z,fcre,9,0,oxygen
2022-09-11T00:00:00Z,fcre,9,0,oxygen
2022-09-12T00:00:00Z,fcre,9,0,oxygen
2022-09-13T00:00:00Z,fcre,9,0,oxygen
2022-09-14T00:00:00Z,fcre,9,0,oxygen
2022-09-15T00:00:00Z,fcre,9,0,oxygen
2022-09-16T00:00:00Z,fcre,9,0,oxygen
2022-09-17T00:00:00Z,fcre,9,0,oxygen
2022-09-18T00:00:00Z,fcre,9,0,oxygen
2022-09-19T00:00:00Z,fcre,9,0,oxygen
2022-09-20T00:00:00Z,fcre,9,0,oxygen
2022-09-21T00:00:00Z,fcre,9,0,oxygen
2022-09-22T00:00:00Z,fcre,9,0,oxygen
2022-09-23T00:00:00Z,fcre,9,0,oxygen
2022-09-24T00:00:00Z,fcre,9,0,oxygen
2022-09-25T00:00:00Z,fcre,9,0,oxygen
2022-09-26T00:00:00Z,fcre,9,0,oxygen
2022-09-27T00:00:00Z,fcre,9,0,oxygen
2022-09-28T00:00:00Z,fcre,9,0,oxygen
2022-09-29T00:00:00Z,fcre,9,0,oxygen
2022-09-30T00:00:00Z,fcre,9,0,oxygen
2022-10-01T00:00:00Z,fcre,9,0,oxygen
2022-10-02T00:00:00Z,fcre,9,0,oxygen
2022-10-03T00:00:00Z,fcre,9,0,oxygen
2022-10-04T00:00:00Z,fcre,9,0,oxygen
2022-10-05T00:00:00Z,fcre,9,0,oxygen
2022-10-06T00:00:00Z,fcre,9,0,oxygen
2022-10-07T00:00:00Z,fcre,9,0,oxygen
2022-10-08T00:00:00Z,fcre,9,0,oxygen
2022-10-09T00:00:00Z,fcre,9,0,oxygen
2022-10-10T00:00:00Z,fcre,9,0,oxygen
2022-10-11T00:00:00Z,fcre,9,0,oxygen
2022-10-12T00:00:00Z,fcre,9,0,oxygen
2022-10-13T00:00:00Z,fcre,9,1.8588,oxygen
2022-10-14T00:00:00Z,fcre,9,8.6369,oxygen
2022-10-15T00:00:00Z,fcre,9,22.5623,oxygen
2022-10-16T00:00:00Z,fcre,9,30.699,oxygen
2022-10-17T00:00:00Z,fcre,9,44.6207,oxygen
2022-10-18T00:00:00Z,fcre,9,48.7748,oxygen
2022-10-19T00:00:00Z,fcre,9,51.2722,oxygen
2022-10-20T00:00:00Z,fcre,9,231.8769,oxygen
2022-10-21T00:00:00Z,fcre,9,258.6241,oxygen
2022-10-22T00:00:00Z,fcre,9,250.7021,oxygen
2022-10-23T00:00:00Z,fcre,9,251.6945,oxygen
2022-10-24T00:00:00Z,fcre,9,245.5603,oxygen
2022-10-25T00:00:00Z,fcre,9,241.3477,oxygen
2022-10-26T00:00:00Z,fcre,9,240.2823,oxygen
2022-10-27T00:00:00Z,fcre,9,235.7449,oxygen
2022-10-28T00:00:00Z,fcre,9,233.5313,oxygen
2022-10-29T00:00:00Z,fcre,9,229.9475,oxygen
2022-10-30T00:00:00Z,fcre,9,224.7073,oxygen
2022-10-31T00:00:00Z,fcre,9,220.699,oxygen
2022-11-01T00:00:00Z,fcre,9,215.1989,oxygen
2022-11-02T00:00:00Z,fcre,9,205.5793,oxygen
2022-11-03T00:00:00Z,fcre,9,204.0068,oxygen
2022-11-04T00:00:00Z,fcre,9,197.5711,oxygen
2022-11-05T00:00:00Z,fcre,9,190.0126,oxygen
2022-11-06T00:00:00Z,fcre,9,179.9692,oxygen
2022-11-07T00:00:00Z,fcre,9,180.3826,oxygen
2022-11-08T00:00:00Z,fcre,9,75.951,oxygen
2022-11-09T00:00:00Z,fcre,9,153.0069,oxygen
2022-11-10T00:00:00Z,fcre,9,147.3828,oxygen
2022-11-11T00:00:00Z,fcre,9,147.6521,oxygen
2022-11-12T00:00:00Z,fcre,9,140.8351,oxygen
2022-11-13T00:00:00Z,fcre,9,136.5219,oxygen
2022-11-14T00:00:00Z,fcre,9,137.6812,oxygen
2022-09-02T00:00:00Z,fcre,9,11.5944,temperature
2022-09-03T00:00:00Z,fcre,9,11.6145,temperature
2022-09-04T00:00:00Z,fcre,9,11.6395,temperature
2022-09-05T00:00:00Z,fcre,9,11.6506,temperature
2022-09-06T00:00:00Z,fcre,9,11.6821,temperature
2022-09-07T00:00:00Z,fcre,9,11.7011,temperature
2022-09-08T00:00:00Z,fcre,9,11.7292,temperature
2022-09-09T00:00:00Z,fcre,9,11.7624,temperature
2022-09-10T00:00:00Z,fcre,9,11.7809,temperature
2022-09-11T00:00:00Z,fcre,9,11.7999,temperature
2022-09-12T00:00:00Z,fcre,9,11.8194,temperature
2022-09-13T00:00:00Z,fcre,9,11.8371,temperature
2022-09-14T00:00:00Z,fcre,9,11.857,temperature
2022-09-15T00:00:00Z,fcre,9,11.8798,temperature
2022-09-16T00:00:00Z,fcre,9,11.8948,temperature
2022-09-17T00:00:00Z,fcre,9,11.9215,temperature
2022-09-18T00:00:00Z,fcre,9,11.9385,temperature
2022-09-19T00:00:00Z,fcre,9,11.9629,temperature
2022-09-20T00:00:00Z,fcre,9,11.9734,temperature
2022-09-21T00:00:00Z,fcre,9,11.991,temperature
2022-09-22T00:00:00Z,fcre,9,12.0133,temperature
2022-09-23T00:00:00Z,fcre,9,12.0329,temperature
2022-09-24T00:00:00Z,fcre,9,12.0635,temperature
2022-09-25T00:00:00Z,fcre,9,12.0845,temperature
2022-09-26T00:00:00Z,fcre,9,12.1128,temperature
2022-09-27T00:00:00Z,fcre,9,12.127,temperature
2022-09-28T00:00:00Z,fcre,9,12.1494,temperature
2022-09-29T00:00:00Z,fcre,9,12.1723,temperature
2022-09-30T00:00:00Z,fcre,9,12.1942,temperature
2022-10-01T00:00:00Z,fcre,9,12.2153,temperature
2022-10-02T00:00:00Z,fcre,9,12.1539,temperature
2022-10-03T00:00:00Z,fcre,9,12.1687,temperature
2022-10-04T00:00:00Z,fcre,9,12.1699,temperature
2022-10-05T00:00:00Z,fcre,9,12.2679,temperature
2022-10-06T00:00:00Z,fcre,9,12.3633,temperature
2022-10-07T00:00:00Z,fcre,9,12.4494,temperature
2022-10-08T00:00:00Z,fcre,9,12.5207,temperature
2022-10-09T00:00:00Z,fcre,9,12.5871,temperature
2022-10-10T00:00:00Z,fcre,9,12.6522,temperature
2022-10-11T00:00:00Z,fcre,9,12.7156,temperature
2022-10-12T00:00:00Z,fcre,9,12.7679,temperature
2022-10-13T00:00:00Z,fcre,9,12.8271,temperature
2022-10-14T00:00:00Z,fcre,9,12.8732,temperature
2022-10-15T00:00:00Z,fcre,9,12.9215,temperature
2022-10-16T00:00:00Z,fcre,9,12.9676,temperature
2022-10-17T00:00:00Z,fcre,9,13.0193,temperature
2022-10-18T00:00:00Z,fcre,9,13.065,temperature
2022-10-19T00:00:00Z,fcre,9,13.1069,temperature
2022-10-20T00:00:00Z,fcre,9,12.8072,temperature
2022-10-21T00:00:00Z,fcre,9,12.3281,temperature
2022-10-22T00:00:00Z,fcre,9,12.2171,temperature
2022-10-23T00:00:00Z,fcre,9,12.0669,temperature
2022-10-24T00:00:00Z,fcre,9,12.1248,temperature
2022-10-25T00:00:00Z,fcre,9,12.1237,temperature
2022-10-26T00:00:00Z,fcre,9,12.1478,temperature
2022-10-27T00:00:00Z,fcre,9,12.1717,temperature
2022-10-28T00:00:00Z,fcre,9,12.206,temperature
2022-10-29T00:00:00Z,fcre,9,12.2387,temperature
2022-10-30T00:00:00Z,fcre,9,12.2622,temperature
2022-10-31T00:00:00Z,fcre,9,12.2834,temperature
2022-11-01T00:00:00Z,fcre,9,12.2968,temperature
2022-11-02T00:00:00Z,fcre,9,12.3134,temperature
2022-11-03T00:00:00Z,fcre,9,12.3303,temperature
2022-11-04T00:00:00Z,fcre,9,12.3528,temperature
2022-11-05T00:00:00Z,fcre,9,12.3603,temperature
2022-11-06T00:00:00Z,fcre,9,12.3838,temperature
2022-11-07T00:00:00Z,fcre,9,12.4044,temperature
2022-11-08T00:00:00Z,fcre,9,12.3616,temperature
2022-11-09T00:00:00Z,fcre,9,12.4037,temperature
2022-11-10T00:00:00Z,fcre,9,12.4242,temperature
2022-11-11T00:00:00Z,fcre,9,12.4419,temperature
2022-11-12T00:00:00Z,fcre,9,12.4515,temperature
2022-11-13T00:00:00Z,fcre,9,12.4738,temperature
2022-11-14T00:00:00Z,fcre,9,12.5098,temperature
2022-09-02T00:00:00Z,fcre,NA,8.9454,depth
2022-09-03T00:00:00Z,fcre,NA,8.9548,depth
2022-09-04T00:00:00Z,fcre,NA,8.9622,depth
2022-09-05T00:00:00Z,fcre,NA,8.9999,depth
2022-09-06T00:00:00Z,fcre,NA,9.0854,depth
2022-09-07T00:00:00Z,fcre,NA,9.1022,depth
2022-09-08T00:00:00Z,fcre,NA,9.1006,depth
2022-09-09T00:00:00Z,fcre,NA,9.1445,depth
2022-09-10T00:00:00Z,fcre,NA,9.1336,depth
2022-09-11T00:00:00Z,fcre,NA,9.1499,depth
2022-09-12T00:00:00Z,fcre,NA,9.1582,depth
2022-09-13T00:00:00Z,fcre,NA,9.1739,depth
2022-09-14T00:00:00Z,fcre,NA,9.1824,depth
2022-09-15T00:00:00Z,fcre,NA,9.1769,depth
2022-09-16T00:00:00Z,fcre,NA,9.1697,depth
2022-09-17T00:00:00Z,fcre,NA,9.162,depth
2022-09-18T00:00:00Z,fcre,NA,9.1608,depth
2022-09-19T00:00:00Z,fcre,NA,9.1584,depth
2022-09-20T00:00:00Z,fcre,NA,9.0535,depth
2022-09-21T00:00:00Z,fcre,NA,9.0552,depth
2022-09-22T00:00:00Z,fcre,NA,9.0542,depth
2022-09-23T00:00:00Z,fcre,NA,9.0595,depth
2022-09-24T00:00:00Z,fcre,NA,9.0607,depth
2022-09-25T00:00:00Z,fcre,NA,9.0551,depth
2022-09-26T00:00:00Z,fcre,NA,9.0545,depth
2022-09-27T00:00:00Z,fcre,NA,9.0935,depth
2022-09-28T00:00:00Z,fcre,NA,9.0972,depth
2022-09-29T00:00:00Z,fcre,NA,9.1037,depth
2022-09-30T00:00:00Z,fcre,NA,9.1078,depth
2022-10-01T00:00:00Z,fcre,NA,9.1242,depth
2022-10-02T00:00:00Z,fcre,NA,9.2518,depth
2022-10-03T00:00:00Z,fcre,NA,9.2186,depth
2022-10-04T00:00:00Z,fcre,NA,9.2654,depth
2022-10-05T00:00:00Z,fcre,NA,9.2538,depth
2022-10-06T00:00:00Z,fcre,NA,9.25,depth
2022-10-07T00:00:00Z,fcre,NA,9.2474,depth
2022-10-08T00:00:00Z,fcre,NA,9.2363,depth
2022-10-09T00:00:00Z,fcre,NA,9.2288,depth
2022-10-10T00:00:00Z,fcre,NA,9.227,depth
2022-10-11T00:00:00Z,fcre,NA,9.2338,depth
2022-10-12T00:00:00Z,fcre,NA,9.2776,depth
2022-10-13T00:00:00Z,fcre,NA,9.2858,depth
2022-10-14T00:00:00Z,fcre,NA,9.3029,depth
2022-10-15T00:00:00Z,fcre,NA,9.3081,depth
2022-10-16T00:00:00Z,fcre,NA,9.3133,depth
2022-10-17T00:00:00Z,fcre,NA,9.3274,depth
2022-10-18T00:00:00Z,fcre,NA,9.3438,depth
2022-10-19T00:00:00Z,fcre,NA,9.3442,depth
2022-10-20T00:00:00Z,fcre,NA,9.3465,depth
2022-10-21T00:00:00Z,fcre,NA,9.3499,depth
2022-10-22T00:00:00Z,fcre,NA,9.3528,depth
2022-10-23T00:00:00Z,fcre,NA,9.356,depth
2022-10-24T00:00:00Z,fcre,NA,9.3586,depth
2022-10-25T00:00:00Z,fcre,NA,9.3611,depth
2022-10-26T00:00:00Z,fcre,NA,9.3642,depth
2022-10-27T00:00:00Z,fcre,NA,9.3709,depth
2022-10-28T00:00:00Z,fcre,NA,9.3487,depth
2022-10-29T00:00:00Z,fcre,NA,9.3522,depth
2022-10-30T00:00:00Z,fcre,NA,9.355,depth
2022-10-31T00:00:00Z,fcre,NA,9.3572,depth
2022-11-01T00:00:00Z,fcre,NA,9.3699,depth
2022-11-02T00:00:00Z,fcre,NA,9.3719,depth
2022-11-03T00:00:00Z,fcre,NA,9.371,depth
2022-11-04T00:00:00Z,fcre,NA,9.3721,depth
2022-11-05T00:00:00Z,fcre,NA,9.3733,depth
2022-11-06T00:00:00Z,fcre,NA,9.3784,depth
2022-11-07T00:00:00Z,fcre,NA,9.4013,depth
2022-11-08T00:00:00Z,fcre,NA,9.3931,depth
2022-11-09T00:00:00Z,fcre,NA,9.3879,depth
2022-11-10T00:00:00Z,fcre,NA,9.3844,depth
2022-11-11T00:00:00Z,fcre,NA,9.3835,depth
2022-11-12T00:00:00Z,fcre,NA,9.5027,depth
2022-11-13T00:00:00Z,fcre,NA,9.4316,depth
2022-11-14T00:00:00Z,fcre,NA,9.4003,depth
2022-09-05T00:00:00Z,fcre,NA,1.75,secchi
2022-09-13T00:00:00Z,fcre,NA,1.6,secchi
2022-09-19T00:00:00Z,fcre,NA,1.5,secchi
2022-09-26T00:00:00Z,fcre,NA,1.3,secchi
2022-10-03T00:00:00Z,fcre,NA,0.85,secchi
2022-10-11T00:00:00Z,fcre,NA,1.9,secchi
2022-10-17T00:00:00Z,fcre,NA,1.9,secchi
2022-10-24T00:00:00Z,fcre,NA,1.65,secchi
2022-11-08T00:00:00Z,fcre,NA,1.5,secchi
