time,FLOW,TEMP,SALT
2013-05-15,0.016015903,15.66451613,0
2013-05-16,0.014969754,15.3409375,0
2013-05-17,0.014128799,15.28833333,0
2013-05-18,0.017009445,14.9034375,0
2013-05-19,0.024125821,14.63520833,0
2013-05-20,0.038485754,14.39885417,0
2013-05-21,0.026369464,15.25625,0
2013-05-22,0.020411988,16.02635417,0
2013-05-23,0.019665695,15.6815625,0
2013-05-24,0.018572413,13.75947917,0
2013-05-25,0.016168566,11.81354167,0
2013-05-26,0.014886535,12.67125,0
2013-05-27,0.014087654,12.96916667,0
2013-05-28,0.014075575,14.81895833,0
2013-05-29,0.013962662,16.21322917,0
2013-05-30,0.013161986,16.79989583,0
2013-05-31,0.01426218,17.08458333,0
2013-06-01,0.013631637,17.27729167,0
2013-06-02,0.017497306,16.981875,0
2013-06-03,0.0154656,16.80583333,0
2013-06-04,0.013281937,16.43541667,0
2013-06-05,0.01226969,16.06635417,0
2013-06-06,0.057704564,15.22885417,0
2013-06-07,0.045895805,15.00135417,0
2013-06-08,0.03320504,15.40239583,0
2013-06-09,0.02450257,16.30197917,0
2013-06-10,0.027570241,16.67681159,0
2013-06-11,0.028565626,16.42083333,0
2013-06-12,0.023251552,17.17,0
2013-06-13,0.021882491,17.81703704,0
2013-06-14,0.018163967,16.33739583,0
2013-06-15,0.015879162,16.34010417,0
2013-06-16,0.015054686,16.90041667,0
2013-06-17,0.015071841,17.45885417,0
2013-06-18,0.017526553,17.23145833,0
2013-06-19,0.015039845,16.864375,0
2013-06-20,0.013673299,17.1284375,0
2013-06-21,0.012807848,17.12760417,0
2013-06-22,0.012512045,16.9171875,0
2013-06-23,0.012205384,17.95208333,0
2013-06-24,0.011717845,18.49854167,0
2013-06-25,0.011516619,18.6259375,0
2013-06-26,0.015542764,18.51552083,0
2013-06-27,0.012711224,18.0690625,0
2013-06-28,0.011890574,18.80833333,0
2013-06-29,0.011280804,18.5846875,0
2013-06-30,0.011288755,18.56625,0
2013-07-01,0.010906285,18.653125,0
2013-07-02,0.040745278,18.34645833,0
2013-07-03,0.081647335,17.18854167,0
2013-07-04,0.094675214,17.13041667,0
2013-07-05,0.058442784,17.22822917,0
2013-07-06,0.037226987,17.57447917,0
2013-07-07,0.030161314,17.60270833,0
2013-07-08,0.026311012,17.48572917,0
2013-07-09,0.022241457,18.00572917,0
2013-07-10,0.076292894,18.1315625,0
2013-07-11,0.07475585,17.1228125,0
2013-07-12,0.059038492,16.7646875,0
2013-07-13,0.043684873,16.71625,0
2013-07-14,0.042282098,17.545,0
2013-07-15,0.034753825,17.681875,0
2013-07-16,0.029400935,18.12552083,0
2013-07-17,0.026407974,18.5190625,0
2013-07-18,0.025035139,18.58635417,0
2013-07-19,0.023444276,18.778125,0
2013-07-20,0.022160379,18.7440625,0
2013-07-21,0.022023985,18.58083333,0
2013-07-22,0.020941737,18.580625,0
2013-07-23,0.019868049,18.66729167,0
2013-07-24,0.018473919,18.62177083,0
2013-07-25,0.017093683,17.88197917,0
2013-07-26,0.016250359,17.61166667,0
2013-07-27,0.017794979,17.53739583,0
2013-07-28,0.01703574,17.62708333,0
2013-07-29,0.015244289,17.28635417,0
2013-07-30,0.01411945,16.71708333,0
2013-07-31,0.013888516,16.89291667,0
2013-08-01,0.014862674,17.30354167,0
2013-08-02,0.013494804,17.48364583,0
2013-08-03,0.012779856,17.403125,0
2013-08-04,0.012439228,17.68322917,0
2013-08-05,0.011212063,16.97802083,0
2013-08-06,0.012202468,17.614375,0
2013-08-07,0.012268453,17.79927083,0
2013-08-08,0.021506593,18.2040625,0
2013-08-09,0.016829839,18.6921875,0
2013-08-10,0.013339762,19.02541667,0
2013-08-11,0.014757731,18.99645833,0
2013-08-12,0.013944547,19.02708333,0
2013-08-13,0.013164878,18.6296875,0
2013-08-14,0.011556617,17.44625,0
2013-08-15,0.010194497,15.83833333,0
2013-08-16,0.010085404,15.5865625,0
2013-08-17,0.010432882,15.54875,0
2013-08-18,0.019876397,16.06864583,0
2013-08-19,0.014150812,16.48552083,0
2013-08-20,0.012188007,17.34458333,0
2013-08-21,0.011217866,17.80791667,0
2013-08-22,0.011174918,18.051875,0
2013-08-23,0.010177985,18.065,0
2013-08-24,0.009678224,17.05822917,0
2013-08-25,0.008804602,16.7040625,0
2013-08-26,0.008551675,16.85375,0
2013-08-27,0.008991083,17.90177083,0
2013-08-28,0.009494472,18.31458333,0
2013-08-29,0.00906074,19.04479167,0
2013-08-30,0.008169272,18.82375,0
2013-08-31,0.008928905,18.7621875,0
2013-09-01,0.008674448,18.71635417,0
2013-09-02,0.008212939,18.98645833,0
2013-09-03,0.007796262,19.05041667,0
2013-09-04,0.006900642,17.62958763,0
2013-09-05,0.006889393,17.57677083,0
2013-09-06,0.006223124,17.1275,0
2013-09-07,0.006237772,16.55177083,0
2013-09-08,0.006590573,17.47052083,0
2013-09-09,0.006252365,17.93875,0
2013-09-10,0.012619475,18.59916667,0
2013-09-11,0.023839777,20.09375,0
2013-09-12,0.022144619,20.46708333,0
2013-09-13,0.021110723,19.1359375,0
2013-09-14,0.020650568,16.90364583,0
2013-09-15,0.020323499,16.9534375,0
2013-09-16,0.020809289,17.9103125,0
2013-09-17,0.02018743,16.5175,0
2013-09-18,0.019762738,15.810625,0
2013-09-19,0.019695157,17.0146875,0
2013-09-20,0.02150843,17.6203125,0
2013-09-21,0.024577238,17.57791667,0
2013-09-22,0.022740408,16.66447917,0
2013-09-23,0.020707355,15.939375,0
2013-09-24,0.019980469,16.17802083,0
2013-09-25,0.019944661,16.46395833,0
2013-09-26,0.020136099,16.800625,0
2013-09-27,0.019870136,16.13,0
2013-09-28,0.018994174,16.00291667,0
2013-09-29,0.019326967,15.34354167,0
2013-09-30,0.018472237,15.7184375,0
2013-10-01,0.018520284,16.50375,0
2013-10-02,0.018450837,16.8859375,0
2013-10-03,0.017952761,17.45333333,0
2013-10-04,0.017905933,17.97010417,0
2013-10-05,0.017968999,18.47489583,0
2013-10-06,0.017082198,18.5284375,0
2013-10-07,0.029324781,17.54427083,0
2013-10-08,0.019760667,15.19729167,0
2013-10-09,0.018354081,14.64604167,0
2013-10-10,0.020892811,14.56625,0
2013-10-11,0.019571843,15.84927083,0
2013-10-12,0.019247074,16.09604167,0
2013-10-13,0.018356064,16.16083333,0
2013-10-14,0.018995605,15.85541667,0
2013-10-15,0.017844792,15.185,0
2013-10-16,0.017397937,15.4340625,0
2013-10-17,0.017468454,16.0059375,0
2013-10-18,0.017706358,14.19770833,0
2013-10-19,0.016643277,13.9453125,0
2013-10-20,0.017219298,12.44229167,0
2013-10-21,0.016452682,12.46229167,0
2013-10-22,0.016353797,13.39125,0
2013-10-23,0.017971198,12.30729167,0
2013-10-24,0.017641672,10.13208333,0
2013-10-25,0.018021512,9.125729167,0
2013-10-26,0.016979012,8.846145833,0
2013-10-27,0.017191061,10.6071875,0
2013-10-28,0.017305062,11.3121875,0
2013-10-29,0.016802951,12.59,0
2013-10-30,0.01658263,13.15541667,0
2013-10-31,0.015810672,13.81375,0
2013-11-01,0.017683416,14.64083333,0
2013-11-02,0.018334746,12.66020833,0
2013-11-03,0.019417727,10.9240625,0
2013-11-04,0.018749083,9.453125,0
2013-11-05,0.018285838,9.2921875,0
2013-11-06,0.017720839,11.2809375,0
2013-11-07,0.019378613,11.25354167,0
2013-11-08,0.020364416,8.6040625,0
2013-11-09,0.019653103,8.140520833,0
2013-11-10,0.020190722,8.991145833,0
2013-11-11,0.019464432,8.2778125,0
2013-11-12,0.021383083,7.979583333,0
2013-11-13,0.021162993,5.575520833,0
2013-11-14,0.020259352,6.1878125,0
2013-11-15,0.020519029,7.285416667,0
2013-11-16,0.022861382,9.419375,0
2013-11-17,0.019802505,10.46447917,0
2013-11-18,0.022691584,10.3678125,0
2013-11-19,0.022338165,7.515729167,0
2013-11-20,0.021198023,6.689375,0
2013-11-21,0.020091976,7.589895833,0
2013-11-22,0.019477765,9.519375,0
2013-11-23,0.02165329,8.5853125,0
2013-11-24,0.023168989,3.940416667,0
2013-11-25,0.021425748,3.7225,0
2013-11-26,0.038074681,5.255520833,0
2013-11-27,0.039524682,5.712916667,0
2013-11-28,0.024955924,3.5321875,0
2013-11-29,0.020936822,3.93875,0
2013-11-30,0.019072312,3.7234375,0
2013-12-01,0.018783465,4.051770833,0
2013-12-02,0.018081933,5.516041667,0
2013-12-03,0.018251831,6.367395833,0
2013-12-04,0.017430453,7.643229167,0
2013-12-05,0.016705818,9.055208333,0
2013-12-06,0.021667541,11.24354167,0
2013-12-07,0.032737166,8.711979167,0
2013-12-08,0.024122573,5.590416667,0
2013-12-09,0.02607407,5.8421875,0
2013-12-10,0.030729923,5.9584375,0
2013-12-11,0.02682006,4.214583333,0
2013-12-12,0.023695675,3.385625,0
2013-12-13,0.021490353,3.211145833,0
2013-12-14,0.021131342,4.335416667,0
2013-12-15,0.021942615,4.750520833,0
2013-12-16,0.020498531,4.292291667,0
2013-12-17,0.019839729,4.820520833,0
2013-12-18,0.020499923,3.5346875,0
2013-12-19,0.018919256,4.332291667,0
2013-12-20,0.018474374,5.5809375,0
2013-12-21,0.018098669,7.355416667,0
2013-12-22,0.019818151,9.934583333,0
2013-12-23,0.04427695,9.289166667,0
2013-12-24,0.032640563,5.097916667,0
2013-12-25,0.025672179,2.771041667,0
2013-12-26,0.023218011,3.13875,0
2013-12-27,0.021563223,3.387604167,0
2013-12-28,0.020142335,4.031354167,0
2013-12-29,0.038085443,5.925520833,0
2013-12-30,0.032461581,5.933958333,0
2013-12-31,0.027237238,4.359583333,0
2014-01-01,0.0240453,3.787604167,0
2014-01-02,0.022482326,4.230520833,0
2014-01-03,0.026626862,1.320520833,0
2014-01-04,0.022318077,1.0665625,0
2014-01-05,0.021337529,3.471875,0
2014-01-06,0.024011288,3.181770833,0
2014-01-07,0.041230393,0.253229167,0
2014-01-08,0.033298735,0.280416667,0
2014-01-09,0.020909902,1.220416667,0
2014-01-10,0.022163085,2.7440625,0
2014-01-11,0.03399388,4.640520833,0
2014-01-12,0.034559993,4.477708333,0
2014-01-13,0.027627962,4.4509375,0
2014-01-14,0.026561056,5.342916667,0
2014-01-15,0.025525268,4.3178125,0
2014-01-16,0.024566011,2.815208333,0
2014-01-17,0.02351457,3.0428125,0
2014-01-18,0.024361165,1.730416667,0
2014-01-19,0.022784955,2.380625,0
2014-01-20,0.021989824,3.233645833,0
2014-01-21,0.022778864,2.885520833,0
2014-01-22,0.025886301,0.421041667,0
2014-01-23,0.026164767,0.3915625,0
2014-01-24,0.051070414,0.250625,0
2014-01-25,0.041909585,0.381354167,0
2014-01-26,0.021840282,0.776041667,0
2014-01-27,0.022413695,1.987708333,0
2014-01-28,0.024653023,0.260625,0
2014-01-29,0.02508373,0.308125,0
2014-01-30,0.030017677,0.292604167,0
2014-01-31,0.02082935,1.191979167,0
2014-02-01,0.019576658,2.6,0
2014-02-02,0.019634561,4.269375,0
2014-02-03,0.044495128,5.1546875,0
2014-02-04,0.03252102,4.066041667,0
2014-02-05,0.027909332,4.294949495,0
2014-02-06,0.02658728,3.057291667,0
2014-02-07,0.024741391,2.748020833,0
2014-02-08,0.023454526,3.276041667,0
2014-02-09,0.022859097,3.944479167,0
2014-02-10,0.02324061,3.0775,0
2014-02-11,0.022728236,2.107916667,0
2014-02-12,0.031209784,0.692083333,0
2014-02-13,0.078524433,0.208125,0
2014-02-14,0.026322928,1.844375,0
2014-02-15,0.024329328,2.6284375,0
2014-02-16,0.022810721,2.143958333,0
2014-02-17,0.021553297,2.4559375,0
2014-02-18,0.022161108,3.496875,0
2014-02-19,0.029518468,4.7221875,0
2014-02-20,0.030893132,4.459166667,0
2014-02-21,0.050741773,5.647916667,0
2014-02-22,0.040001322,5.490416667,0
2014-02-23,0.032007747,6.047916667,0
2014-02-24,0.028521285,5.130104167,0
2014-02-25,0.026827574,3.851458333,0
2014-02-26,0.026548151,3.733020833,0
2014-02-27,0.026163667,2.586041667,0
2014-02-28,0.024826947,2.181979167,0
2014-03-01,0.023617322,2.956041667,0
2014-03-02,0.024045575,5.546979167,0
2014-03-03,0.03660527,4.311770833,0
2014-03-04,0.031699659,2.398229167,0
2014-03-05,0.028296042,3.983333333,0
2014-03-06,0.026388278,3.555208333,0
2014-03-07,0.027061727,3.2046875,0
2014-03-08,0.018315596,5.792708333,0
2014-03-09,0.012827981,7.008333333,0
2014-03-10,0.012448225,7.013958333,0
2014-03-11,0.0122964,8.940833333,0
2014-03-12,0.012610417,8.51625,0
2014-03-13,0.012956949,4.055833333,0
2014-03-14,0.011013894,5.040416667,0
2014-03-15,0.010595489,7.600729167,0
2014-03-16,0.01141016,5.675,0
2014-03-17,0.012084404,3.383125,0
2014-03-18,0.012263607,3.976145833,0
2014-03-19,0.012862687,5.133958333,0
2014-03-20,0.012588446,5.944038462,0
2014-03-21,0.014683512,6.106608904,0
2014-03-22,0.016778577,6.269179346,0
2014-03-23,0.018873643,6.431749789,0
2014-03-24,0.020968709,6.594320231,0
2014-03-25,0.023063774,6.756890673,0
2014-03-26,0.02515884,6.919461116,0
2014-03-27,0.027253906,7.082031558,0
2014-03-28,0.029348971,7.244602001,0
2014-03-29,0.031444037,7.407172443,0
2014-03-30,0.033539103,7.569742885,0
2014-03-31,0.035634168,7.732313328,0
2014-04-01,0.037729234,7.89488377,0
2014-04-02,0.0398243,8.057454212,0
2014-04-03,0.041919365,8.220024655,0
2014-04-04,0.044014431,8.382595097,0
2014-04-05,0.046109497,8.54516554,0
2014-04-06,0.048204562,8.707735982,0
2014-04-07,0.050299628,8.870306424,0
2014-04-08,0.052394694,9.032876867,0
2014-04-09,0.054489759,9.195447309,0
2014-04-10,0.056584825,9.358017751,0
2014-04-11,0.058679891,9.520588194,0
2014-04-12,0.060774956,9.683158636,0
2014-04-13,0.062870022,9.845729079,0
2014-04-14,0.064965088,10.00829952,0
2014-04-15,0.067060153,10.17086996,0
2014-04-16,0.069155219,10.33344041,0
2014-04-17,0.071250285,10.49601085,0
2014-04-18,0.07334535,10.65858129,0
2014-04-19,0.075440416,10.82115173,0
2014-04-20,0.077535482,10.98372218,0
2014-04-21,0.079630547,11.14629262,0
2014-04-22,0.081725613,11.30886306,0
2014-04-23,0.083820679,11.4714335,0
2014-04-24,0.085915744,11.63400394,0
2014-04-25,0.08801081,11.79657439,0
2014-04-26,0.090105876,11.95914483,0
2014-04-27,0.092200941,12.12171527,0
2014-04-28,0.094296007,12.28428571,0
2014-04-29,0.098083329,11.99645833,0
2014-04-30,0.099088807,12.68052083,0
2014-05-01,0.09955632,13.34791667,0
2014-05-02,0.09451099,13.04666667,0
2014-05-03,0.093451683,13.29229167,0
2014-05-04,0.093644308,13.66979167,0
2014-05-05,0.092695787,13.63166667,0
2014-05-06,0.094312507,14.01635417,0
2014-05-07,0.095458411,14.53489583,0
2014-05-08,0.096321147,14.95635417,0
2014-05-09,0.096239804,15.01770833,0
2014-05-10,0.095420443,14.80697917,0
2014-05-11,0.094460332,15.15083333,0
2014-05-12,0.094829674,15.51572917,0
2014-05-13,0.095937067,15.80239583,0
2014-05-14,0.094119086,15.92125,0
2014-05-15,0.107583633,15.5625,0
2014-05-16,0.109170642,14.64864583,0
2014-05-17,0.099316331,14.68520833,0
2014-05-18,0.096993171,15.11614583,0
2014-05-19,0.095979352,15.476875,0
2014-05-20,0.095531241,16.1153125,0
2014-05-21,0.096665692,16.83291667,0
2014-05-22,0.096024483,17.1725,0
2014-05-23,0.094572737,16.9240625,0
2014-05-24,0.094021449,16.7678125,0
2014-05-25,0.093975279,17.16572917,0
2014-05-26,0.095430471,17.61875,0
2014-05-27,0.098587636,18.03739583,0
2014-05-28,0.10001713,18.188125,0
2014-05-29,0.098782718,17.88020833,0
2014-05-30,0.099209097,18.09166667,0
2014-05-31,0.099475356,18.08677083,0
2014-06-01,0.098033217,17.88875,0
2014-06-02,0.099486311,18.22666667,0
2014-06-03,0.099987666,18.62977528,0
2014-06-04,0.10256944,19.01958333,0
2014-06-05,0.101206421,19.03822917,0
2014-06-06,0.099013662,18.96666667,0
2014-06-07,0.097493658,19.3865625,0
2014-06-08,0.097026225,19.6675,0
2014-06-09,0.096761926,19.97989583,0
2014-06-10,0.097597202,20.38541667,0
2014-06-11,0.101039352,20.380625,0
2014-06-12,0.100151593,20.28927083,0
2014-06-13,0.097761384,20.54604167,0
2014-06-14,0.097341271,20.51,0
2014-06-15,0.094917869,20.8290625,0
2014-06-16,0.09562663,21.52020833,0
2014-06-17,0.096998189,21.785625,0
2014-06-18,0.097152424,22.02458333,0
2014-06-19,0.096657586,22.1715625,0
2014-06-20,0.097128717,22.13760417,0
2014-06-21,0.096676134,22.12875,0
2014-06-22,0.093403406,22.195,0
2014-06-23,0.091634775,22.24895833,0
2014-06-24,0.094056543,22.891875,0
2014-06-25,0.096436973,23.4425,0
2014-06-26,0.096288372,23.48875,0
2014-06-27,0.09622718,23.67135417,0
2014-06-28,0.096649746,23.63635417,0
2014-06-29,0.096543774,22.91895833,0
2014-06-30,0.096520281,23.41104167,0
2014-07-01,0.096674099,24.05989583,0
2014-07-02,0.097689938,24.41989583,0
2014-07-03,0.112178955,23.51697917,0
2014-07-04,0.101822755,22.74208333,0
2014-07-05,0.097928237,22.486875,0
2014-07-06,0.096704909,22.85239583,0
2014-07-07,0.097074084,23.42989583,0
2014-07-08,0.096965742,23.71875,0
2014-07-09,0.097914515,23.51979167,0
2014-07-10,0.097320841,23.4784375,0
2014-07-11,0.097626917,23.48072917,0
2014-07-12,0.096126312,23.94520833,0
2014-07-13,0.095838053,24.13510417,0
2014-07-14,0.095983302,24.35729167,0
2014-07-15,0.096159018,23.8721875,0
2014-07-16,0.094420757,23.0546875,0
2014-07-17,0.09416489,22.746875,0
2014-07-18,0.092726681,22.89260417,0
2014-07-19,0.092813133,22.80760417,0
2014-07-20,0.093599462,22.831875,0
2014-07-21,0.093893236,23.081875,0
2014-07-22,0.090177226,23.66604167,0
2014-07-23,0.087969598,24.39125,0
2014-07-24,0.093212258,23.85208333,0
2014-07-25,0.098736675,23.18625,0
2014-07-26,0.089081194,24.45052083,0
2014-07-27,0.088671084,24.48020833,0
2014-07-28,0.087644065,23.20760417,0
2014-07-29,0.087011108,22.23958333,0
2014-07-30,0.087175282,22.02333333,0
2014-07-31,0.087596575,22.52635417,0
2014-08-01,0.088679171,22.11239583,0
2014-08-02,0.088232699,21.73625,0
2014-08-03,0.088195528,22.12802083,0
2014-08-04,0.086996712,22.61921348,0
2014-08-05,0.086983437,23.4534375,0
2014-08-06,0.087130929,23.60125,0
2014-08-07,0.086616732,23.76260417,0
2014-08-08,0.087271464,23.335,0
2014-08-09,0.098334715,21.5925,0
2014-08-10,0.093182232,21.2203125,0
2014-08-11,0.099304752,20.9296875,0
2014-08-12,0.11919713,20.33364583,0
2014-08-13,0.09838107,20.591875,0
2014-08-14,0.091817245,20.60333333,0
2014-08-15,0.090954401,21.21458333,0
2014-08-16,0.090278836,21.39114583,0
2014-08-17,0.090600513,21.91864583,0
2014-08-18,0.091525806,22.05614583,0
2014-08-19,0.090406307,22.2090625,0
2014-08-20,0.087635466,22.72208333,0
2014-08-21,0.087103247,23.30604167,0
2014-08-22,0.084016909,23.12635417,0
2014-08-23,0.078644109,22.95479167,0
2014-08-24,0.101394985,21.74645833,0
2014-08-25,0.091893781,21.603125,0
2014-08-26,0.087558467,21.83145833,0
2014-08-27,0.084979089,22.34447917,0
2014-08-28,0.076224134,23.1965625,0
2014-08-29,0.053390165,22.14916667,0
2014-08-30,0.050380538,23.13552083,0
2014-08-31,0.047721723,23.6165625,0
2014-09-01,0.045230887,23.87875,0
2014-09-02,0.044758455,23.97104167,0
2014-09-03,0.046327308,23.55208333,0
2014-09-04,0.047206848,23.5696875,0
2014-09-05,0.046970396,23.49885417,0
2014-09-06,0.047246928,23.59479167,0
2014-09-07,0.047104837,22.633125,0
2014-09-08,0.045863471,21.42427083,0
2014-09-09,0.045057508,21.14583333,0
2014-09-10,0.044143277,21.38072917,0
2014-09-11,0.043825787,21.78052083,0
2014-09-12,0.04470543,21.4609375,0
2014-09-13,0.045071304,20.34447917,0
2014-09-14,0.041671536,19.0378125,0
2014-09-15,0.041555416,19.42677083,0
2014-09-16,0.04044965,19.82864583,0
2014-09-17,0.038931548,18.99270833,0
2014-09-18,0.035614639,19.11229167,0
2014-09-19,0.034791426,18.89520833,0
2014-09-20,0.033625717,18.9521875,0
2014-09-21,0.031547598,19.34302083,0
2014-09-22,0.028491277,18.05333333,0
2014-09-23,0.026886894,16.61833333,0
2014-09-24,0.026650864,16.61041667,0
2014-09-25,0.025991492,17.640625,0
2014-09-26,0.02516164,18.02958333,0
2014-09-27,0.024734883,17.6215625,0
2014-09-28,0.023891046,17.631875,0
2014-09-29,0.023723109,18.13625,0
2014-09-30,0.024079554,18.3153125,0
2014-10-01,0.02312825,18.42572917,0
2014-10-02,0.022721154,18.67239583,0
2014-10-03,0.023128135,18.86260417,0
2014-10-04,0.022912784,16.06150538,0
2014-10-05,0.021661906,13.779375,0
2014-10-06,0.020919593,14.47510417,0
2014-10-07,0.02434863,15.504375,0
2014-10-08,0.028575695,16.17104167,0
2014-10-09,0.025605608,15.64822917,0
2014-10-10,0.024727775,16.2240625,0
2014-10-11,0.02513776,16.4053125,0
2014-10-12,0.030761054,15.028125,0
2014-10-13,0.031779624,15.47010417,0
2014-10-14,0.034572719,17.11895833,0
2014-10-15,0.054053662,16.57739583,0
2014-10-16,0.043519093,15.57729167,0
2014-10-17,0.039610483,15.56083333,0
2014-10-18,0.03759979,15.364375,0
2014-10-19,0.0367556,13.70677083,0
2014-10-20,0.035332439,13.79302083,0
2014-10-21,0.031614093,14.0240625,0
2014-10-22,0.030490325,12.783125,0
2014-10-23,0.026992583,12.18375,0
2014-10-24,0.020974399,12.18635417,0
2014-10-25,0.020241017,12.41354167,0
2014-10-26,0.015929995,12.90083333,0
2014-10-27,0.008996985,12.40895833,0
2014-10-28,0.008226934,13.8734375,0
2014-10-29,0.006554632,13.83625,0
2014-10-30,0.005860895,11.4784375,0
2014-10-31,0.006144885,10.13458333,0
2014-11-01,0.009626378,9.594166667,0
2014-11-02,0.006059921,7.489270833,0
2014-11-03,0.005121462,7.9390625,0
2014-11-04,0.00494988,9.940104167,0
2014-11-05,0.004691019,11.14302083,0
2014-11-06,0.005137304,11.68604167,0
2014-11-07,0.004959662,9.294166667,0
2014-11-08,0.005439395,7.6971875,0
2014-11-09,0.00548591,8.73,0
2014-11-10,0.005480009,8.990833333,0
2014-11-11,0.005491071,9.386354167,0
2014-11-12,0.00537436,10.12260417,0
2014-11-13,0.004925124,8.494791667,0
2014-11-14,0.005713499,5.2659375,0
2014-11-15,0.005480814,3.790729167,0
2014-11-16,0.005094111,5.318333333,0
2014-11-17,0.00921529,6.330625,0
2014-11-18,0.007615339,2.660104167,0
2014-11-19,0.006409054,1.708854167,0
2014-11-20,0.00591858,3.343229167,0
2014-11-21,0.006392907,2.803229167,0
2014-11-22,0.006395679,2.822395833,0
2014-11-23,0.008190075,4.743125,0
2014-11-24,0.012458556,8.758958333,0
2014-11-25,0.007856581,8.379166667,0
2014-11-26,0.022020238,6.574791667,0
2014-11-27,0.015063894,5.937395833,0
2014-11-28,0.011201196,4.231041667,0
2014-11-29,0.009051339,4.385729167,0
2014-11-30,0.007826661,5.888958333,0
2014-12-01,0.007140689,8.055625,0
2014-12-02,0.013501112,7.26375,0
2014-12-03,0.011662231,7.238125,0
2014-12-04,0.010517986,6.811145833,0
2014-12-05,0.011068131,6.448645833,0
2014-12-06,0.011357949,7.4625,0
2014-12-07,0.011705506,6.205729167,0
2014-12-08,0.01134945,4.623020833,0
2014-12-09,0.012011534,5.431145833,0
2014-12-10,0.011732709,4.771612903,0
2014-12-11,0.012159538,3.103854167,0
2014-12-12,0.01160176,3.704479167,0
2014-12-13,0.011331748,4.1665625,0
2014-12-14,0.012326977,4.375833333,0
2014-12-15,0.011041807,4.611666667,0
2014-12-16,0.01061846,5.818229167,0
2014-12-17,0.010071832,6.198478261,0
2014-12-18,0.01483322,4.332068966,0
2014-12-19,0.015286116,3.819166667,0
2014-12-20,0.014982635,3.663958333,0
2014-12-21,0.014507877,4.569583333,0
2014-12-22,0.015531229,4.4721875,0
2014-12-23,0.016269824,5.319166667,0
2014-12-24,0.022775182,6.6328125,0
2014-12-25,0.0224573,6.158854167,0
2014-12-26,0.020976765,4.890833333,0
2014-12-27,0.020182559,5.745104167,0
2014-12-28,0.019517819,6.9703125,0
2014-12-29,0.021497275,6.439479167,0
2014-12-30,0.031998105,4.8253125,0
2014-12-31,0.090859116,3.803020833,0
2015-01-01,0.090322905,3.646145833,0
2015-01-02,0.088859459,4.266875,0
2015-01-03,0.089516714,4.431875,0
2015-01-04,0.089628573,5.203958333,0
2015-01-05,0.089473957,3.911770833,0
2015-01-06,0.088143436,3.454791667,0
2015-01-07,0.090742865,2.2990625,0
2015-01-08,0.090439718,0.938645833,0
2015-01-09,0.086015307,1.559166667,0
2015-01-10,0.087022098,1.147708333,0
2015-01-11,0.08505462,1.66625,0
2015-01-12,0.085784019,2.721041667,0
2015-01-13,0.084962566,2.528333333,0
2015-01-14,0.085571273,2.264166667,0
2015-01-15,0.08527416,2.3134375,0
2015-01-16,0.084548075,2.582395833,0
2015-01-17,0.083624403,2.726145833,0
2015-01-18,0.082909641,3.242916667,0
2015-01-19,0.082764686,3.3709375,0
2015-01-20,0.083208438,3.712916667,0
2015-01-21,0.08214488,3.844791667,0
2015-01-22,0.082762774,3.666458333,0
2015-01-23,0.083998959,3.474791667,0
2015-01-24,0.085889021,3.562604167,0
2015-01-25,0.083360859,3.745729167,0
2015-01-26,0.08387489,3.831354167,0
2015-01-27,0.085792912,2.630833333,0
2015-01-28,0.080879787,2.189791667,0
2015-01-29,0.063874034,2.486770833,0
2015-01-30,0.056912269,2.612083333,0
2015-01-31,0.050639225,1.881875,0
2015-02-01,0.043253162,3.0465625,0
2015-02-02,0.045455451,3.392708333,0
2015-02-03,0.045822422,1.890416667,0
2015-02-04,0.039015285,2.703645833,0
2015-02-05,0.040927515,2.161875,0
2015-02-06,0.03709392,1.234375,0
2015-02-07,0.032218805,2.603333333,0
2015-02-08,0.030842773,3.957083333,0
2015-02-09,0.030584036,5.376770833,0
2015-02-10,0.032044526,4.710833333,0
2015-02-11,0.03111828,3.835729167,0
2015-02-12,0.031157781,3.305416667,0
2015-02-13,0.033057308,1.1121875,0
2015-02-14,0.030595632,1.7628125,0
2015-02-15,0.042786569,0.2575,0
2015-02-16,0.037887605,0.19,0
2015-02-17,0.042957262,0.4915625,0
2015-02-18,0.032880993,0.90375,0
2015-02-19,0.035274241,0.343541667,0
2015-02-20,0.030660809,0.33,0
2015-02-21,0.033821072,0.486875,0
2015-02-22,0.038452757,1.76,0
2015-02-23,0.037190329,2.123541667,0
2015-02-24,0.03542355,1.28625,0
2015-02-25,0.033538105,1.877604167,0
2015-02-26,0.033803218,2.1940625,0
2015-02-27,0.033370202,2.0728125,0
2015-02-28,0.03300677,1.485416667,0
2015-03-01,0.03229672,2.123229167,0
2015-03-02,0.035508676,3.4521875,0
2015-03-03,0.035353939,2.645416667,0
2015-03-04,0.044307956,3.842604167,0
2015-03-05,0.088310406,2.892708333,0
2015-03-06,0.099708523,2.313541667,0
2015-03-07,0.092071357,3.129895833,0
2015-03-08,0.088684011,4.024479167,0
2015-03-09,0.088141047,4.639270833,0
2015-03-10,0.086568654,4.802708333,0
2015-03-11,0.085462262,5.172708333,0
2015-03-12,0.082348733,5.113333333,0
2015-03-13,0.079333648,4.599166667,0
2015-03-14,0.084548572,5.461875,0
2015-03-15,0.085747489,6.125104167,0
2015-03-16,0.081085937,6.785625,0
2015-03-17,0.078275086,7.304375,0
2015-03-18,0.072292075,6.551666667,0
2015-03-19,0.065423422,6.043229167,0
2015-03-20,0.074702992,6.344583333,0
2015-03-21,0.070426447,7.800520833,0
2015-03-22,0.063961268,8.490208333,0
2015-03-23,0.058136513,8.5890625,0
2015-03-24,0.054971892,8.5034375,0
2015-03-25,0.05354679,8.3471875,0
2015-03-26,0.057091644,10.64989583,0
2015-03-27,0.093047554,9.074166667,0
2015-03-28,0.092982675,7.185,0
2015-03-29,0.085107084,7.217083333,0
2015-03-30,0.081055797,8.410416667,0
2015-03-31,0.077187393,9.007710843,0
2015-04-01,0.069141742,9.5521875,0
2015-04-02,0.062779492,10.43739583,0
2015-04-03,0.060362198,11.70020833,0
2015-04-04,0.05930353,11.1021875,0
2015-04-05,0.051671569,10.3975,0
2015-04-06,0.046206376,11.93322917,0
2015-04-07,0.051363514,13.2828125,0
2015-04-08,0.053073338,14.43510417,0
2015-04-09,0.065568294,14.319375,0
2015-04-10,0.064378197,14.24833333,0
2015-04-11,0.059303293,13.70416667,0
2015-04-12,0.054516579,13.3440625,0
2015-04-13,0.053674231,14.31166667,0
2015-04-14,0.062475969,14.73125,0
2015-04-15,0.07373155,13.70322917,0
2015-04-16,0.072720926,13.36114583,0
2015-04-17,0.074180956,15.17166667,0
2015-04-18,0.071125965,16.5671875,0
2015-04-19,0.078667769,16.044375,0
2015-04-20,0.125989687,15.20833333,0
2015-04-21,0.097946099,14.64125,0
2015-04-22,0.093066831,14.376875,0
2015-04-23,0.090316918,13.539375,0
2015-04-24,0.089114892,13.0878125,0
2015-04-25,0.088908911,12.3715625,0
2015-04-26,0.090079615,11.9534375,0
2015-04-27,0.088839358,12.27145833,0
2015-04-28,0.087012732,12.8115625,0
2015-04-29,0.085488002,13.80197917,0
2015-04-30,0.084630178,14.32322917,0
2015-05-01,0.088049906,13.91239583,0
2015-05-02,0.08523904,14.32875,0
2015-05-03,0.082862765,15.12864583,0
2015-05-04,0.080750261,16.35604167,0
2015-05-05,0.079371317,17.63677083,0
2015-05-06,0.075611814,18.53989583,0
2015-05-07,0.072443059,19.09322917,0
2015-05-08,0.069844113,19.5709375,0
2015-05-09,0.065419272,20.0965625,0
2015-05-10,0.062145463,20.420625,0
2015-05-11,0.060039846,21.04541667,0
2015-05-12,0.057356231,21.2425,0
2015-05-13,0.052476113,18.89260417,0
2015-05-14,0.048639428,17.54552083,0
2015-05-15,0.047008612,18.353125,0
2015-05-16,0.047374546,19.66291667,0
2015-05-17,0.046228129,20.57697917,0
2015-05-18,0.050575982,20.8859375,0
2015-05-19,0.052520225,21.25541667,0
2015-05-20,0.047999762,20.09458333,0
2015-05-21,0.046172026,18.42447917,0
2015-05-22,0.044991497,17.28708333,0
2015-05-23,0.042215981,17.5275,0
2015-05-24,0.040627769,18.376875,0
2015-05-25,0.038780144,19.17260417,0
2015-05-26,0.037692822,19.9696875,0
2015-05-27,0.036745255,20.87,0
2015-05-28,0.035355645,21.16552083,0
2015-05-29,0.033831914,21.39625,0
2015-05-30,0.032857394,21.5896875,0
2015-05-31,0.033117315,21.73875,0
2015-06-01,0.037650698,21.76916667,0
2015-06-02,0.045660456,21.45541667,0
2015-06-03,0.061855221,20.08354167,0
2015-06-04,0.06187575,19.72447917,0
2015-06-05,0.059545178,20.1121875,0
2015-06-06,0.054780586,21.0928125,0
2015-06-07,0.049575166,21.17552083,0
2015-06-08,0.060451413,21.14012195,0
2015-06-09,0.06995509,21.5275,0
2015-06-10,0.06250901,21.95333333,0
2015-06-11,0.056273375,22.91489583,0
2015-06-12,0.051308502,23.5328125,0
2015-06-13,0.049079544,23.75260417,0
2015-06-14,0.047391215,23.72916667,0
2015-06-15,0.045242044,24.2290625,0
2015-06-16,0.042104982,24.48,0
2015-06-17,0.043775677,24.00020833,0
2015-06-18,0.054195744,23.90520833,0
2015-06-19,0.051998536,24.0015625,0
2015-06-20,0.047659688,24.24291667,0
2015-06-21,0.045296461,24.285625,0
2015-06-22,0.041210482,24.26239583,0
2015-06-23,0.038371561,24.7959375,0
2015-06-24,0.032976165,24.19885417,0
2015-06-25,0.029206525,23.83375,0
2015-06-26,0.029446464,23.8246875,0
2015-06-27,0.035390855,23.18083333,0
2015-06-28,0.032345954,21.49791667,0
2015-06-29,0.028144846,20.86510417,0
2015-06-30,0.027185708,21.56958333,0
2015-07-01,0.027849259,21.60916667,0
2015-07-02,0.026306279,21.76010417,0
2015-07-03,0.026139772,21.07927083,0
2015-07-04,0.027753526,21.48791667,0
2015-07-05,0.029253293,21.61197917,0
2015-07-06,0.045002888,21.92385417,0
2015-07-07,0.044042597,22.61572917,0
2015-07-08,0.04080003,22.9734375,0
2015-07-09,0.039203751,23.3596875,0
2015-07-10,0.033282882,23.46708333,0
2015-07-11,0.031205602,23.260625,0
2015-07-12,0.028632649,23.01677083,0
2015-07-13,0.073347065,22.81916667,0
2015-07-14,0.070013244,23.7328125,0
2015-07-15,0.057843132,23.42666667,0
2015-07-16,0.047432875,23.3446875,0
2015-07-17,0.042757204,23.3428125,0
2015-07-18,0.042110087,24.06197917,0
2015-07-19,0.041707145,24.8528125,0
2015-07-20,0.038439382,25.028125,0
2015-07-21,0.033405083,24.56479167,0
2015-07-22,0.028701261,23.5753125,0
2015-07-23,0.025639527,22.8771875,0
2015-07-24,0.024358614,23.16229167,0
2015-07-25,0.022949478,23.28197917,0
2015-07-26,0.021705219,23.51125,0
2015-07-27,0.020610488,23.6628125,0
2015-07-28,0.025972271,23.71010417,0
2015-07-29,0.025972962,23.91364583,0
2015-07-30,0.024688439,24.19166667,0
2015-07-31,0.022171277,22.864375,0
2015-08-01,0.019993705,22.4209375,0
2015-08-02,0.017985692,21.53010417,0
2015-08-03,0.01636863,21.69544444,0
2015-08-04,0.015450383,22.75364583,0
2015-08-05,0.014608176,22.895,0
2015-08-06,0.013418433,22.16458333,0
2015-08-07,0.013441849,21.19854167,0
2015-08-08,0.012924592,21.27114583,0
2015-08-09,0.012003766,21.62229167,0
2015-08-10,0.014663892,21.67385417,0
2015-08-11,0.026368463,22.29822917,0
2015-08-12,0.023055533,21.8359375,0
2015-08-13,0.021424893,21.28625,0
2015-08-14,0.020212894,21.48822917,0
2015-08-15,0.019195217,22.15010417,0
2015-08-16,0.01831389,22.3359375,0
2015-08-17,0.017171816,22.664375,0
2015-08-18,0.016201106,22.65125,0
2015-08-19,0.016329454,22.91479167,0
2015-08-20,0.015803845,22.85364583,0
2015-08-21,0.014352609,21.46916667,0
2015-08-22,0.012934707,20.77395833,0
2015-08-23,0.012163515,21.14166667,0
2015-08-24,0.011601144,21.90135417,0
2015-08-25,0.009551146,20.3653125,0
2015-08-26,0.010742024,19.23987805,0
2015-08-27,0.011704203,18.79614583,0
2015-08-28,0.011100573,19.33072917,0
2015-08-29,0.010421351,19.58697917,0
2015-08-30,0.009845204,19.8975,0
2015-08-31,0.009630213,20.2428125,0
2015-09-01,0.009358074,20.68052083,0
2015-09-02,0.008793803,21.16916667,0
2015-09-03,0.008088105,20.90552083,0
2015-09-04,0.013861443,20.74291667,0
2015-09-05,0.016293698,21.185625,0
2015-09-06,0.015511711,20.92385417,0
2015-09-07,0.014424261,20.88239583,0
2015-09-08,0.013765613,21.34572917,0
2015-09-09,0.0128594,21.67979167,0
2015-09-10,0.012342451,21.57291667,0
2015-09-11,0.01174357,20.48604167,0
2015-09-12,0.010703369,19.74989583,0
2015-09-13,0.00917182,16.58947917,0
2015-09-14,0.007304778,15.36822917,0
2015-09-15,0.006174824,16.31895833,0
2015-09-16,0.005573346,16.90791667,0
2015-09-17,0.005248896,17.14395833,0
2015-09-18,0.004785703,17.47770833,0
2015-09-19,0.004366188,17.84541667,0
2015-09-20,0.00380153,18.58625,0
2015-09-21,0.017049659,16.820625,0
2015-09-22,0.025798859,17.4509375,0
2015-09-23,0.021509678,17.87989583,0
2015-09-24,0.019918717,17.73802083,0
2015-09-25,0.018920867,17.58760417,0
2015-09-26,0.034047977,17.2115625,0
2015-09-27,0.065572904,17.40458333,0
2015-09-28,0.066640487,18.62927083,0
2015-09-29,0.126431865,18.7684375,0
2015-09-30,0.092804626,19.27614583,0
2015-10-01,0.079644821,18.44833333,0
2015-10-02,0.086798652,16.87291667,0
2015-10-03,0.106757187,15.72510417,0
2015-10-04,0.09388393,16.03197917,0
2015-10-05,0.083568825,16.0721875,0
2015-10-06,0.077658127,16.22802083,0
2015-10-07,0.076561537,17.06895833,0
2015-10-08,0.075774832,17.63895833,0
2015-10-09,0.075857134,18.07354167,0
2015-10-10,0.075529239,17.15875,0
2015-10-11,0.075892561,16.62020833,0
2015-10-12,0.075840804,16.8934375,0
2015-10-13,0.075575829,17.1578125,0
2015-10-14,0.074969315,16.62875,0
2015-10-15,0.078829283,15.99645833,0
2015-10-16,0.07958098,15.79729167,0
2015-10-17,0.079875271,14.57229167,0
2015-10-18,0.080472257,13.50666667,0
2015-10-19,0.077727983,13.27333333,0
2015-10-20,0.074959664,13.81447917,0
2015-10-21,0.068146782,14.29322917,0
2015-10-22,0.061206659,14.6509375,0
2015-10-23,0.052881328,15.36375,0
2015-10-24,0.043576334,14.736875,0
2015-10-25,0.039922701,14.8684375,0
2015-10-26,0.035765711,13.5646875,0
2015-10-27,0.041519423,12.56197917,0
2015-10-28,0.102764602,13.8003125,0
2015-10-29,0.086988803,13.96666667,0
2015-10-30,0.076796171,12.8684375,0
2015-10-31,0.078841834,12.44282609,0
2015-11-01,0.079647954,13.42885417,0
2015-11-02,0.075565959,13.64520833,0
2015-11-03,0.074653425,13.948125,0
2015-11-04,0.068931505,14.47385417,0
2015-11-05,0.067387227,15.2325,0
2015-11-06,0.062818697,15.93767196,0
2015-11-07,0.058464581,15.38142857,0
2015-11-08,0.052876183,12.7610929,0
2015-11-09,0.060322322,11.85312169,0
2015-11-10,0.082457533,12.97917582,0
2015-11-11,0.077168936,12.40786517,0
2015-11-12,0.073271778,12.60257895,0
2015-11-13,0.068439372,11.23042328,0
2015-11-14,0.062595697,10.13032258,0
2015-11-15,0.056567989,10.12,0
2015-11-16,0.051928007,10.42396648,0
2015-11-17,0.047830928,10.78788043,0
2015-11-18,0.049443606,11.09329787,0
2015-11-19,0.09618648,12.17359788,0
2015-11-20,0.089369284,10.19983957,0
2015-11-21,0.085641885,9.393368984,0
2015-11-22,0.080507522,9.063478261,0
2015-11-23,0.076903788,7.986470588,0
2015-11-24,0.072941817,8.028967391,0
2015-11-25,0.06983375,7.988131868,0
2015-11-26,0.061702294,8.654918919,0
2015-11-27,0.059415594,9.257287234,0
2015-11-28,0.055230158,9.837967033,0
2015-11-29,0.051926069,10.54859459,0
2015-11-30,0.058050067,9.3825,0
2015-12-01,0.093597136,9.213882979,0
2015-12-02,0.100731505,9.985935829,0
2015-12-03,0.089813325,8.346825397,0
2015-12-04,0.086257341,7.689548023,0
2015-12-05,0.084103449,7.647897727,0
2015-12-06,0.084233677,7.571283422,0
2015-12-07,0.08376752,7.91983871,0
2015-12-08,0.08157961,7.735355191,0
2015-12-09,0.079096207,7.82557377,0
2015-12-10,0.078285644,8.259289617,0
2015-12-11,0.074769867,8.747297297,0
2015-12-12,0.073170795,9.676612022,0
2015-12-13,0.07087025,10.20449198,0
2015-12-14,0.070412745,10.97255319,0
2015-12-15,0.067471821,10.22262032,0
2015-12-16,0.064402854,9.206,0
2015-12-17,0.070826851,9.59855615,0
2015-12-18,0.071919046,8.348351648,0
2015-12-19,0.067980389,6.55155914,0
2015-12-20,0.064740646,6.551578947,0
2015-12-21,0.062933942,7.116984127,0
2015-12-22,0.06213906,8.175789474,0
2015-12-23,0.070707728,9.115744681,0
2015-12-24,0.08552235,10.26382514,0
2015-12-25,0.08657151,10.73785714,0
2015-12-26,0.082571581,10.98717391,0
2015-12-27,0.083258992,11.49149733,0
2015-12-28,0.080738415,10.73475936,0
2015-12-29,0.086355401,10.08645503,0
2015-12-30,0.084906557,10.38647059,0
2015-12-31,0.083887907,10.07456989,0
2016-01-01,0.08355529,8.373626374,0
2016-01-02,0.084465719,7.035,0
2016-01-03,0.082165352,6.687027027,0
2016-01-04,0.080454176,5.795668449,0
2016-01-05,0.077378275,4.636101695,0
2016-01-06,0.074629946,4.297486631,0
2016-01-07,0.070757686,4.634408602,0
2016-01-08,0.067883887,5.164262295,0
2016-01-09,0.068913926,5.816349206,0
2016-01-10,0.080844995,5.957043011,0
2016-01-11,0.079165725,3.948289474,0
2016-01-12,0.075558071,3.942708333,0
2016-01-13,0.072758415,2.980208333,0
2016-01-14,0.05979338,3.892708333,0
2016-01-15,0.064228544,4.065520833,0
2016-01-16,0.073763588,4.5515625,0
2016-01-17,0.072967479,3.867916667,0
2016-01-18,0.077668489,2.073020833,0
2016-01-19,0.075706146,1.16625,0
2016-01-20,0.055157159,1.500104167,0
2016-01-21,0.05405507,1.870416667,0
2016-01-22,0.063727934,0.502604167,0
2016-01-23,0.089746723,1.1675,0
2016-01-24,0.0814666,1.768020833,0
2016-01-25,0.070686875,2.429895833,0
2016-01-26,0.060607432,2.875416667,0
2016-01-27,0.06715213,2.913541667,0
2016-01-28,0.06684401,2.6971875,0
2016-01-29,0.062047729,2.734375,0
2016-01-30,0.055272941,2.961458333,0
2016-01-31,0.060105795,3.65625,0
2016-02-01,0.065909094,4.1428125,0
2016-02-02,0.086427962,4.259479167,0
2016-02-03,0.11049487,4.832604167,0
2016-02-04,0.111986266,4.773854167,0
2016-02-05,0.103771912,3.634375,0
2016-02-06,0.096635305,3.517708333,0
2016-02-07,0.095193715,3.668958333,0
2016-02-08,0.0946683,3.7321875,0
2016-02-09,0.096247189,3.352604167,0
2016-02-10,0.097507999,2.615416667,0
2016-02-11,0.096569021,2.160625,0
2016-02-12,0.09192491,2.364791667,0
2016-02-13,0.097579161,1.6834375,0
2016-02-14,0.094007155,1.449270833,0
2016-02-15,0.091683085,1.268125,0
2016-02-16,0.119647359,2.875520833,0
2016-02-17,0.106052972,3.485729167,0
2016-02-18,0.100287599,3.439270833,0
2016-02-19,0.095422377,3.55625,0
2016-02-20,0.098412725,4.450520833,0
2016-02-21,0.104445827,4.941145833,0
2016-02-22,0.104048158,5.114375,0
2016-02-23,0.106102581,4.9834375,0
2016-02-24,0.110683186,5.4615625,0
2016-02-25,0.1141542,4.735104167,0
2016-02-26,0.106358993,4.111770833,0
2016-02-27,0.099950034,4.306875,0
2016-02-28,0.097645448,5.094375,0
2016-02-29,0.09887539,5.84375,0
2016-03-01,0.094120256,6.283541667,0
2016-03-02,0.101014431,5.622916667,0
2016-03-03,0.096101982,4.877395833,0
2016-03-04,0.097087617,5.4840625,0
2016-03-05,0.095042047,5.7090625,0
2016-03-06,0.095313516,6.35,0
2016-03-07,0.093412989,6.8684375,0
2016-03-08,0.092852879,8.256354167,0
2016-03-09,0.092798242,9.1978125,0
2016-03-10,0.091219782,10.59229167,0
2016-03-11,0.092741542,11.65822917,0
2016-03-12,0.089616841,12.32229167,0
2016-03-13,0.089058725,12.72923913,0
2016-03-14,0.095546552,12.51875,0
2016-03-15,0.104232802,12.8003125,0
2016-03-16,0.099441261,13.20104167,0
2016-03-17,0.097124473,12.60885417,0
2016-03-18,0.095473763,12.27645833,0
2016-03-19,0.097268631,11.01375,0
2016-03-20,0.094405305,10.21447917,0
2016-03-21,0.100121697,9.3071875,0
2016-03-22,0.092248244,9.61125,0
2016-03-23,0.093683306,10.47274725,0
2016-03-24,0.090175971,11.539375,0
2016-03-25,0.092319436,12.55020833,0
2016-03-26,0.091306566,11.64885417,0
2016-03-27,0.088483729,11.84791667,0
2016-03-28,0.092500992,12.15489583,0
2016-03-29,0.092238069,11.40635417,0
2016-03-30,0.089730407,11.53302083,0
2016-03-31,0.087393645,12.233125,0
2016-04-01,0.091863501,13.546875,0
2016-04-02,0.090538561,13.171875,0
2016-04-03,0.091464992,11.07760417,0
2016-04-04,0.089246111,12.05020833,0
2016-04-05,0.09135892,11.0434375,0
2016-04-06,0.087384676,10.66458333,0
2016-04-07,0.090146248,11.2953125,0
2016-04-08,0.089669904,10.4209375,0
2016-04-09,0.093035358,9.237395833,0
2016-04-10,0.089544024,9.380520833,0
2016-04-11,0.087296439,11.15302083,0
2016-04-12,0.088970289,12.23822917,0
2016-04-13,0.087876999,11.67885417,0
2016-04-14,0.08858951,12.075625,0
2016-04-15,0.087850783,12.336875,0
2016-04-16,0.087490448,12.82197917,0
2016-04-17,0.08719441,13.91552083,0
2016-04-18,0.089202533,15.20904255,0
2016-04-19,0.090626938,16.16552083,0
2016-04-20,0.087625953,15.91729167,0
2016-04-21,0.085551695,16.11010417,0
2016-04-22,0.087995807,16.02291667,0
2016-04-23,0.088699613,15.86489583,0
2016-04-24,0.085508821,15.75833333,0
2016-04-25,0.08407287,16.81291667,0
2016-04-26,0.083550143,17.94625,0
2016-04-27,0.082544701,18.448125,0
2016-04-28,0.080974026,18.71552083,0
2016-04-29,0.079634279,18.88958333,0
2016-04-30,0.075809081,17.70302083,0
2016-05-01,0.092185488,17.03958333,0
2016-05-02,0.091189513,18.214375,0
2016-05-03,0.091022048,18.20739583,0
2016-05-04,0.085616824,17.41208333,0
2016-05-05,0.094638617,15.81708333,0
2016-05-06,0.094127877,15.22208333,0
2016-05-07,0.088266746,15.8390625,0
2016-05-08,0.086415184,16.59552083,0
2016-05-09,0.082964741,16.67989583,0
2016-05-10,0.082110804,17.27260417,0
2016-05-11,0.086574454,17.66791667,0
2016-05-12,0.085739736,18.47104167,0
2016-05-13,0.085161236,18.60177083,0
2016-05-14,0.082720694,17.68885417,0
2016-05-15,0.081418088,15.68177083,0
2016-05-16,0.077838368,15.396875,0
2016-05-17,0.076247776,15.855,0
2016-05-18,0.075788774,15.50395833,0
2016-05-19,0.074003344,15.670625,0
2016-05-20,0.068166941,15.66385417,0
2016-05-21,0.087780887,15.9884375,0
2016-05-22,0.094476183,16.01479167,0
2016-05-23,0.087997097,16.05802083,0
2016-05-24,0.084248831,17.01239583,0
2016-05-25,0.081173785,18.28208333,0
2016-05-26,0.079717852,19.67979167,0
2016-05-27,0.078876258,20.87614583,0
2016-05-28,0.076411035,21.57760417,0
2016-05-29,0.074609083,20.80708333,0
2016-05-30,0.077798514,20.866875,0
2016-05-30,0.077798514,20.866875,0
2016-05-31,0.078098649,21.84125,0
2016-06-01,0.07435808,22.39458333,0
2016-06-02,0.06859983,22.67739583,0
2016-06-03,0.064057173,22.7040625,0
2016-06-04,0.060441246,22.9096875,0
2016-06-05,0.065484949,22.84364583,0
2016-06-06,0.060765451,22.2815625,0
2016-06-07,0.053787801,21.74791667,0
2016-06-08,0.047533204,19.93708333,0
2016-06-09,0.044056329,19.65550725,0
2016-06-10,0.042583083,20.40578378,0
2016-06-11,0.042335519,21.63076923,0
2016-06-12,0.04100369,22.25133333,0
2016-06-13,0.037638101,20.61758242,0
2016-06-14,0.035107123,20.90071429,0
2016-06-15,0.042330727,21.3989071,0
2016-06-16,0.059225563,22.40743169,0
2016-06-17,0.071843656,22.03412698,0
2016-06-18,0.061696866,21.56417582,0
2016-06-19,0.051427496,21.37304094,0
2016-06-20,0.047124919,22.03535135,0
2016-06-21,0.046617655,22.69102857,0
2016-06-22,0.045144472,22.14005618,0
2016-06-23,0.0566869,21.63903743,0
2016-06-24,0.078955424,21.72140449,0
2016-06-25,0.071267249,22.1340107,0
2016-06-26,0.064320863,22.44966292,0
2016-06-27,0.058811872,22.79820809,0
2016-06-28,0.055079683,23.13538889,0
2016-06-29,0.047717397,22.80054945,0
2016-06-30,0.045240959,22.24098837,0
2016-07-01,0.043725891,22.98546448,0
2016-07-02,0.04507194,23.06483146,0
2016-07-03,0.059660997,22.31082873,0
2016-07-04,0.060936782,21.83016216,0
2016-07-05,0.069054604,22.59530055,0
2016-07-06,0.05933563,23.23804469,0
2016-07-07,0.051478211,23.24653631,0
2016-07-08,0.051249919,22.82377049,0
2016-07-09,0.049909652,22.95662857,0
2016-07-10,0.044624244,22.84567568,0
2016-07-11,0.042034674,23.08050562,0
2016-07-12,0.053505624,23.42698864,0
2016-07-13,0.055923127,23.55845304,0
2016-07-14,0.049123883,24.02679775,0
2016-07-15,0.044907225,24.16814607,0
2016-07-16,0.043046281,23.94111111,0
2016-07-17,0.041083691,24.13477273,0
2016-07-18,0.040121934,24.87163934,0
2016-07-19,0.037043576,24.64104396,0
2016-07-20,0.033663489,24.24034286,0
2016-07-21,0.029471885,24.18449438,0
2016-07-22,0.027076471,24.63632184,0
2016-07-23,0.025767484,24.91664804,0
2016-07-24,0.024468973,25.29740113,0
2016-07-25,0.025142764,25.2679661,0
2016-07-26,0.026755202,25.56716667,0
2016-07-27,0.029618183,25.40284091,0
2016-07-28,0.033807376,25.35906077,0
2016-07-29,0.040044275,25.00494382,0
2016-07-30,0.037637229,25.47874317,0
2016-07-31,0.040672519,25.29674157,0
2016-08-01,0.039101709,25.23092896,0
2016-08-02,0.035823794,25.24642857,0
2016-08-03,0.037179808,24.32578652,0
2016-08-04,0.040240633,23.17333333,0
2016-08-05,0.042440805,23.3716,0
2016-08-06,0.044041133,24.08862069,0
2016-08-07,0.039953369,24.00369565,0
2016-08-08,0.040308005,22.96748603,0
2016-08-09,0.039576706,22.56248649,0
2016-08-10,0.044605829,23.33033708,0
2016-08-11,0.040360965,24.16333333,0
2016-08-12,0.037555864,24.92827027,0
2016-08-13,0.035426628,25.35089385,0
2016-08-14,0.032714598,25.26596685,0
2016-08-15,0.031634601,24.71434066,0
2016-08-16,0.032553743,24.78826816,0
2016-08-17,0.031629075,24.64912088,0
2016-08-18,0.027829982,24.14446328,0
2016-08-19,0.025683295,23.79136364,0
2016-08-20,0.024576899,23.81994012,0
2016-08-21,0.025011861,23.67813187,0
2016-08-22,0.022385516,22.08597884,0
2016-08-23,0.020259411,21.72016575,0
2016-08-24,0.019244858,22.32988701,0
2016-08-25,0.019373802,23.33303371,0
2016-08-26,0.018837468,24.07927778,0
2016-08-27,0.017941299,24.26862637,0
2016-08-28,0.016646425,23.54254054,0
2016-08-29,0.014890188,23.21740113,0
2016-08-30,0.014085429,23.44868852,0
2016-08-31,0.01430644,23.41659341,0
2016-09-01,0.018528752,22.59461957,0
2016-09-02,0.015570286,21.0840884,0
2016-09-03,0.014102533,20.34411111,0
2016-09-04,0.013191895,20.51099448,0
2016-09-05,0.012215889,20.71474576,0
2016-09-06,0.011614564,21.30530387,0
2016-09-07,0.010500899,22.04466667,0
2016-09-08,0.009981731,22.31892655,0
2016-09-09,0.00927053,22.50284884,0
2016-09-10,0.008601997,22.68582418,0
2016-09-11,0.007818287,21.63666667,0
2016-09-12,0.006077933,20.03469274,0
2016-09-13,0.005541101,21.12060109,0
2016-09-14,0.005698357,21.46005495,0
2016-09-15,0.004467534,20.44038251,0
2016-09-16,0.003908114,19.67034286,0
2016-09-17,0.003787541,19.94977528,0
2016-09-18,0.003845686,20.18283333,0
2016-09-19,0.042709795,21.28554348,0
2016-09-20,0.032100832,21.9491573,0
2016-09-21,0.027940921,21.73151685,0
2016-09-22,0.023269519,21.41674157,0
2016-09-23,0.020906186,21.39438202,0
2016-09-24,0.019535489,21.75575419,0
2016-09-25,0.01751658,20.93607735,0
2016-09-26,0.019369303,20.07127778,0
2016-09-27,0.030579611,20.70945783,0
2016-09-28,0.0370359,20.52072626,0
2016-09-29,0.099684043,20.06531429,0
2016-09-30,0.137902409,19.17005405,0
2016-10-01,0.08622639,19.74164063,0
2016-10-02,0.0836396,20.05157534,0
2016-10-03,0.07760436,19.91420765,0
2016-10-04,0.077055862,19.86470588,0
2016-10-05,0.075847819,19.32236264,0
2016-10-06,0.075258731,18.99862637,0
2016-10-07,0.098752658,18.76446927,0
2016-10-08,0.141558393,17.90494845,0
2016-10-09,0.097653139,16.84431507,0
2016-10-10,0.085277394,16.32264865,0
2016-10-11,0.081614535,16.00811111,0
2016-10-12,0.079877027,16.04477011,0
2016-10-13,0.080178838,16.38353261,0
2016-10-14,0.077768063,15.79651786,0
2016-10-15,0.074779828,16.51773585,0
2016-10-16,0.073892875,16.93075949,0
2016-10-17,0.075064614,17.62170732,0
2016-10-18,0.076761929,17.99517647,0
2016-10-19,0.078340409,18.41433962,0
2016-10-20,0.074571292,19.24888889,0
2016-10-21,0.075048161,17.90364706,0
2016-10-22,0.074890498,14.95425926,0
2016-10-23,0.074601345,15.08549296,0
2016-10-24,0.076144495,15.22033333,0
2016-10-25,0.07285338,14.56054545,0
2016-10-26,0.071684168,14.08708333,0
2016-10-27,0.072815109,14.53433333,0
2016-10-28,0.073087111,14.6515873,0
2016-10-29,0.072970245,15.00985075,0
2016-10-30,0.072839401,15.30013889,0
2016-10-31,0.07186517,15.23666667,0
2016-11-01,0.072083208,15.48059748,0
2016-11-02,0.072301246,15.7245283,0
2016-11-03,0.071746884,15.70658228,0
2016-11-04,0.073883574,14.95269841,0
2016-11-05,0.071924388,14.21716667,0
2016-11-06,0.072683866,14.04373134,0
2016-11-07,0.073105213,13.7853125,0
2016-11-08,0.076404795,13.73323529,0
2016-11-09,0.073308192,13.143,0
2016-11-10,0.074975241,12.48453125,0
2016-11-11,0.071570902,12.47833333,0
2016-11-12,0.068249821,11.35186441,0
2016-11-13,0.066661185,11.12630769,0
2016-11-14,0.065833281,11.04684211,0
2016-11-15,0.054339756,11.06618182,0
2016-11-16,0.047672771,11.25415385,0
2016-11-17,0.043262105,11.50894737,0
2016-11-18,0.041798586,11.97982456,0
2016-11-19,0.0370068,10.38815789,0
2016-11-20,0.040721639,7.869387755,0
2016-11-21,0.033016213,7.196071429,0
2016-11-22,0.029762423,7.4335,0
2016-11-23,0.02887066,8.507730392,0
2016-11-24,0.027978898,9.581960784,0
2016-11-25,0.027823683,10.10326923,0
2016-11-26,0.025908985,7.905853659,0
2016-11-27,0.024995769,7.51075,0
2016-11-28,0.024285648,8.192666667,0
2016-11-29,0.039286693,10.05884615,0
2016-11-30,0.041928145,9.240697587,0
2016-12-01,0.044569597,8.42254902,0
2016-12-02,0.041388496,7.856363636,0
2016-12-03,0.041183875,7.215714286,0
2016-12-04,0.039434028,7.527357143,0
2016-12-05,0.03768418,7.839,0
2016-12-06,0.048825717,7.6188,0
2016-12-07,0.059967254,7.3986,0
2016-12-08,0.048877864,5.992272973,0
2016-12-09,0.037788474,4.585945946,0
2016-12-10,0.028423885,4.085,0
2016-12-11,0.024172228,4.3145,0
2016-12-12,0.019533709,7.279090909,0
2016-12-13,0.022637088,6.63,0
2016-12-14,0.016752607,5.5475,0
2016-12-15,0.010605238,2.041724138,0
2016-12-16,0.010642159,0.9925,0
2016-12-17,0.004991072,5.006774194,0
2016-12-18,0.00404625,4.879324597,0
2016-12-19,0.003101429,4.751875,0
2016-12-20,0.002994332,2.6352,0
2016-12-21,9.20E-04,3.809069767,0
2016-12-22,5.10E-04,4.978909091,0
2016-12-23,4.62E-04,4.297916667,0
2016-12-24,4.68E-04,5.569591346,0
2016-12-25,4.74E-04,6.841266026,0
2016-12-26,4.80E-04,8.112940705,0
2016-12-27,4.86E-04,9.384615385,0
2016-12-28,0.00074048,5.886862745,0
2016-12-29,5.64E-04,6.305769231,0
2016-12-30,4.66E-04,3.558684211,0
2016-12-31,8.69E-04,2.826363636,0
2017-01-01,3.22E-04,6.008888889,0
2017-01-02,8.78E-04,6.250750487,0
2017-01-03,0.001434666,6.492612086,0
2017-01-04,0.001990867,6.734473684,0
2017-01-05,0.001629587,4.13,0
2017-01-06,0.001270008,2.695,0
2017-01-07,9.10E-04,1.26,0
2017-01-08,0.005109192,0.276410256,0
2017-01-09,0.006751738,0.270638298,0
2017-01-10,5.14E-04,0.5,0
2017-01-11,0.00176747,3.585,0
2017-01-12,0.001535588,6.930961538,0
2017-01-13,0.001027987,8.66972973,0
2017-01-14,0.002881267,7,0
2017-01-15,0.002407568,7.2754,0
2017-01-16,0.001933868,7.5508,0
2017-01-17,0.001460169,7.8262,0
2017-01-18,9.86E-04,8.1016,0
2017-01-19,9.69E-04,7.175432099,0
2017-01-20,0.001149855,8.008636364,0
2017-01-21,0.001937838,7.991428571,0
2017-01-22,0.009441561,7.906816578,0
2017-01-23,0.016945285,7.822204586,0
2017-01-24,0.024449009,7.737592593,0
2017-01-25,0.02333826,7.73942029,0
2017-01-26,0.018887458,7.486290323,0
2017-01-27,0.019566363,5.562857143,0
2017-01-28,0.017509239,5.192962963,0
2017-01-29,0.017745202,5.447142857,0
2017-01-30,0.014449909,4.058571429,0
2017-01-31,0.012177338,5.566363636,0
2017-02-01,0.012115287,5.682978723,0
2017-02-02,0.009546363,5.823829787,0
2017-02-03,0.012299556,4.285555556,0
2017-02-04,0.006659031,2.588545455,0
2017-02-05,0.004383549,5.23,0
2017-02-06,0.003403774,6.4015625,0
2017-02-07,0.00297097,8.491168831,0
2017-02-08,0.002670939,9.210666667,0
2017-02-09,0.002994807,5.46516129,0
2017-02-10,0.001532628,3.63,0
2017-02-11,7.83E-04,7.97,0
2017-02-12,9.72E-04,10.7388,0
2017-02-13,7.90E-04,6.003636364,0
2017-02-14,3.20E-04,4.962857143,0
2017-02-15,3.41E-04,6.051111111,0
2017-02-16,1.59E-04,4.186721311,0
2017-02-17,6.77E-05,6.606271186,0
2017-02-18,8.98E-05,7.22862069,0
2017-02-19,2.32E-04,9.688545455,0
2017-02-20,7.12E-05,8.597115385,0
2017-02-21,2.22E-05,9.263888889,0
2017-02-22,2.47E-05,8.021176471,0
2017-02-23,7.05E-05,11.592,0
2017-02-24,4.57E-05,11.46302326,0
2017-02-25,1.29E-04,10.60135417,0
2017-02-26,2.53E-05,6.960655738,0
2017-02-27,6.57E-05,6.191578947,0
2017-02-28,3.04E-04,9.538392857,0
2017-03-01,3.23E-04,10.49482759,0
2017-03-02,1.22E-04,7.875492958,0
2017-03-03,1.40E-04,5.630657895,0
2017-03-04,1.40E-05,5.319830508,0
2017-03-05,7.66E-06,5.14028169,0
2017-03-06,1.62E-05,6.322375,0
2017-03-07,1.98E-04,8.937471264,0
2017-03-08,1.93E-04,9.5688,0
2017-03-09,4.04E-05,8.896041667,0
2017-03-10,2.07E-04,8.049166667,0
2017-03-11,3.14E-05,4.720729167,0
2017-03-12,5.56E-04,4.895652174,0
2017-03-13,2.71E-04,4.3190625,0
2017-03-14,0.001373348,3.8478125,0
2017-03-15,0.00115842,1.050520833,0
2017-03-16,4.99E-04,1.907291667,0
2017-03-17,6.46E-04,3.096145833,0
2017-03-18,0.001768798,6.316354167,0
2017-03-19,8.70E-04,6.4590625,0
2017-03-20,4.63E-04,6.7303125,0
2017-03-21,5.34E-04,9.897083333,0
2017-03-22,0.001151862,8.635104167,0
2017-03-23,5.20E-04,6.295578947,0
2017-03-24,1.32E-04,8.073125,0
2017-03-25,1.41E-04,10.81239583,0
2017-03-26,1.35E-04,11.049375,0
2017-03-27,6.31E-05,13.37854167,0
2017-03-28,0.001421689,13.59114583,0
2017-03-29,5.65E-04,13.52416667,0
2017-03-30,2.64E-04,11.48,0
2017-03-31,0.005892746,11.59479167,0
2017-04-01,0.00432607,11.789375,0
2017-04-02,0.001198592,10.99083333,0
2017-04-03,0.003823654,10.56020833,0
2017-04-04,0.004169599,13.49197917,0
2017-04-05,0.002103893,12.7771875,0
2017-04-06,0.002396739,12.3978125,0
2017-04-07,0.002261932,8.106458333,0
2017-04-08,0.001225675,9.40125,0
2017-04-09,8.55E-04,10.83520833,0
2017-04-10,5.54E-04,12.36020833,0
2017-04-11,3.89E-04,14.3184375,0
2017-04-12,6.59E-04,15.1284375,0
2017-04-13,4.80E-04,14.62458333,0
2017-04-14,3.20E-04,15.268125,0
2017-04-15,0.001099021,15.5109375,0
2017-04-16,5.63E-04,16.07010417,0
2017-04-17,3.61E-04,15.37385417,0
2017-04-18,4.17E-04,15.19625,0
2017-04-19,2.60E-04,12.81697917,0
2017-04-20,5.84E-04,15.04479167,0
2017-04-21,4.31E-04,16.5690625,0
2017-04-22,0.00340388,15.21052083,0
2017-04-23,0.004698405,11.91802083,0
2017-04-24,0.039089937,11.28979167,0
2017-04-25,0.060392281,12.18927083,0
2017-04-26,0.044463249,14.5346875,0
2017-04-27,0.043985584,15.75072917,0
2017-04-28,0.044718254,17.03302083,0
2017-04-29,0.041792041,18.85166667,0
2017-04-30,0.037899986,19.56833333,0
2017-05-01,0.035115391,19.12061538,0
2017-05-02,0.035687913,17.26052083,0
2017-05-03,0.026871691,16.18020833,0
2017-05-04,0.019878391,14.9428125,0
2017-05-05,0.148876343,15.55875,0
2017-05-06,0.098258708,14.8434375,0
2017-05-07,0.087916424,14.45510417,0
2017-05-08,0.082916896,14.35385417,0
2017-05-09,0.078366681,14.23145833,0
2017-05-10,0.07762569,15.9309375,0
2017-05-11,0.075458364,17.41421053,0
2017-05-12,0.075277316,15.30760417,0
2017-05-13,0.079512588,15.18875,0
2017-05-14,0.073902198,16.06239583,0
2017-05-15,0.069558528,17.07052083,0
2017-05-16,0.056531278,17.43427083,0
2017-05-17,0.049095469,19.2659375,0
2017-05-18,0.040632468,20.16083333,0
2017-05-19,0.036083717,20.56916667,0
2017-05-20,0.032302216,20.34364583,0
2017-05-21,0.026016221,18.31791667,0
2017-05-22,0.028724723,18.2265625,0
2017-05-23,0.030965298,17.12778947,0
2017-05-24,0.065346979,16.51416667,0
2017-05-25,0.119174574,16.293125,0
2017-05-26,0.094244921,17.3465625,0
2017-05-27,0.084560659,18.67270833,0
2017-05-28,0.079829711,19.8096875,0
2017-05-29,0.079992894,20.0284375,0
2017-05-30,0.074944088,20.46833333,0
2017-05-31,0.068867162,20.25729167,0
2017-06-01,0.061302899,20.24177083,0
2017-06-02,0.051555555,19.97947917,0
2017-06-03,0.042009491,19.95552083,0
2017-06-04,0.03473021,20.44427083,0
2017-06-05,0.042045088,20.2025,0
2017-06-06,0.041223475,19.74895833,0
2017-06-07,0.033281816,18.48166667,0
2017-06-08,0.026813368,17.73020833,0
2017-06-09,0.026290482,18.10177083,0
2017-06-10,0.023836246,19.11854167,0
2017-06-11,0.020910941,20.18302083,0
2017-06-12,0.018505438,20.708125,0
2017-06-13,0.021111581,20.869375,0
2017-06-14,0.020589488,20.89631579,0
2017-06-15,0.01912221,21.03368421,0
2017-06-16,0.019089529,20.9334375,0
2017-06-17,0.031314828,20.74583333,0
2017-06-18,0.042209729,22.22666667,0
2017-06-19,0.041728579,22.14072917,0
2017-06-20,0.042969344,21.84458333,0
2017-06-21,0.035692957,22.30851064,0
2017-06-22,0.021878999,21.92458333,0
2017-06-23,0.014040603,21.69770833,0
2017-06-24,0.014447202,20.85864583,0
2017-06-25,0.005786254,19.00510417,0
2017-06-26,0.001219927,17.253125,0
2017-06-27,0.001008636,16.76510417,0
2017-06-28,0.00105372,16.38395833,0
2017-06-29,6.32E-04,17.5159375,0
2017-06-30,7.22E-04,18.3103125,0
2017-07-01,0.001430652,19.17307692,0
2017-07-02,0.001081375,19.2890625,0
2017-07-03,6.97E-04,19.02357895,0
2017-07-04,8.40E-04,19.0996875,0
2017-07-05,0.004994864,18.66614583,0
2017-07-06,0.00200126,18.75885417,0
2017-07-07,0.001229065,19.370625,0
2017-07-08,0.001306212,19.26635417,0
2017-07-09,6.08E-04,18.76,0
2017-07-10,7.42E-04,19.09787234,0
2017-07-11,7.12E-04,19.42642105,0
2017-07-12,5.19E-04,19.9510989,0
2017-07-13,7.53E-04,20.28052632,0
2017-07-14,4.95E-04,20.59835165,0
2017-07-15,5.76E-04,20.41877778,0
2017-07-16,3.94E-04,19.54489362,0
2017-07-17,4.26E-04,19.50166667,0
2017-07-18,0.004310138,19.5088172,0
2017-07-19,6.11E-04,19.65978947,0
2017-07-20,5.71E-04,20.39623656,0
2017-07-21,4.90E-04,20.58836957,0
2017-07-22,7.38E-04,21.13652174,0
2017-07-23,0.001124837,21.44172414,0
2017-07-24,0.002896881,20.81734043,0
2017-07-25,6.76E-04,20.57916667,0
2017-07-26,2.76E-04,19.46431579,0
2017-07-27,0.001321912,19.67208333,0
2017-07-28,2.48E-04,19.546875,0
2017-07-29,0.001222355,18.80229167,0
2017-07-30,4.05E-04,17.626875,0
2017-07-31,1.12E-04,17.83694737,0
2017-08-01,8.42E-05,18.7371875,0
2017-08-02,3.48E-04,18.67458333,0
2017-08-03,2.76E-04,19.04094737,0
2017-08-04,2.25E-04,19.33652632,0
2017-08-05,7.70E-04,18.52479167,0
2017-08-06,1.08E-04,17.4690625,0
2017-08-07,0.007081169,18.75802083,0
2017-08-08,9.90E-04,18.86354167,0
2017-08-09,7.75E-05,18.24479167,0
2017-08-10,1.48E-04,17.744375,0
2017-08-11,5.87E-05,18.405625,0
2017-08-12,8.23E-05,19.11104167,0
2017-08-13,1.96E-04,19.50670213,0
2017-08-14,1.20E-04,19.06916667,0
2017-08-15,2.32E-04,19.45852632,0
2017-08-16,2.79E-04,19.98287234,0
2017-08-17,3.80E-04,20.42376344,0
2017-08-18,2.45E-04,21.0562766,0
2017-08-19,6.71E-05,20.50421053,0
2017-08-20,1.36E-04,20.2244086,0
2017-08-21,3.40E-04,20.62191489,0
2017-08-22,5.44E-04,20.91102273,0
2017-08-23,5.23E-05,20.74819149,0
2017-08-24,5.87E-05,18.81260417,0
2017-08-25,1.06E-04,17.6943617,0
2017-08-26,1.54E-04,17.91863158,0
2017-08-27,2.01E-04,18.0165625,0
2017-08-28,2.49E-04,17.06034483,0
2017-08-29,2.97E-04,16.60291667,0
2017-08-30,3.44E-04,17.17895833,0
2017-08-31,3.23E-04,17.85041667,0
2017-09-01,3.02E-04,16.69197917,0
2017-09-02,2.81E-04,14.7228125,0
2017-09-03,2.96E-04,15.86829787,0
2017-09-04,3.10E-04,16.7655914,0
2017-09-05,3.25E-04,17.77552083,0
2017-09-06,3.40E-04,16.3115625,0
2017-09-07,2.95E-04,14.20510417,0
2017-09-08,2.51E-04,13.92864583,0
2017-09-09,2.06E-04,14.34552083,0
2017-09-10,1.61E-04,13.6209375,0
2017-09-11,1.17E-04,13.66208333,0
2017-09-12,7.22E-05,14.475625,0
2017-09-13,3.32E-05,16.39781609,0
2017-09-14,6.85E-05,16.50916667,0
2017-09-15,1.04E-04,16.400625,0
2017-09-16,1.39E-04,16.92052083,0
2017-09-17,1.74E-04,17.39802083,0
2017-09-18,2.10E-04,17.7365625,0
2017-09-19,2.45E-04,17.82458333,0
2017-09-20,2.80E-04,18.18385417,0
2017-09-21,3.16E-04,18.13508197,0
2017-09-22,3.51E-04,19.18473684,0
2017-09-23,4.54E-05,18.40697917,0
2017-09-24,7.66E-06,18.01072917,0
2017-09-25,4.92E-05,18.43389474,0
2017-09-26,9.07E-05,18.87691489,0
2017-09-27,3.70E-04,19.06260417,0
2017-09-28,9.12E-05,19.12041667,0
2017-09-29,2.89E-05,16.9175,0
2017-09-30,8.29E-05,15.2890625,0
2017-10-01,2.47E-05,12.92625,0
2017-10-02,2.68E-05,12.8915625,0
2017-10-03,1.23E-04,13.68572917,0
2017-10-04,1.24E-04,14.11395833,0
2017-10-05,2.50E-04,15.12136842,0
2017-10-06,3.01E-04,15.95043011,0
2017-10-07,1.63E-04,16.32479167,0
2017-10-08,5.31E-04,17.65614583,0
2017-10-09,0.004062258,19.33927083,0
2017-10-10,4.04E-05,19.25739583,0
2017-10-11,0.002330547,19.56541667,0
2017-10-12,7.66E-06,18.45583333,0
2017-10-13,1.62E-05,16.34580645,0
2017-10-14,3.88E-05,17.2324,0
2017-10-15,1.70E-04,16.326,0
2017-10-16,3.02E-04,16.03528664,0
2017-10-17,4.34E-04,15.74457328,0
2017-10-18,5.66E-04,15.45385991,0
2017-10-19,6.97E-04,15.16314655,0
2017-10-20,8.29E-04,14.87243319,0
2017-10-21,9.61E-04,14.58171983,0
2017-10-22,0.001092238,14.29100647,0
2017-10-23,0.001223915,14.0002931,0
2017-10-24,0.001355592,13.70957974,0
2017-10-25,0.001487269,13.41886638,0
2017-10-26,0.001618946,13.12815302,0
2017-10-27,0.001750623,12.83743966,0
2017-10-28,0.0018823,12.54672629,0
2017-10-29,0.002013977,12.25601293,0
2017-10-30,0.002145654,11.96529957,0
2017-10-31,0.002277331,11.67458621,0
2017-11-01,0.002409008,11.38387284,0
2017-11-02,0.002540685,11.09315948,0
2017-11-03,0.002672362,10.80244612,0
2017-11-04,0.002804039,10.51173276,0
2017-11-05,0.002935716,10.2210194,0
2017-11-06,0.003067393,9.930306034,0
2017-11-07,0.00319907,9.639592672,0
2017-11-08,0.003330747,9.34887931,0
2017-11-09,0.003462424,9.058165948,0
2017-11-10,0.003594101,8.767452586,0
2017-11-11,0.003725778,8.476739224,0
2017-11-12,0.003857455,8.186025862,0
2017-11-13,0.003989132,7.8953125,0
2017-11-14,0.003399094,7.295121951,0
2017-11-15,0.00332941,7.337454545,0
2017-11-16,0.003285745,7.548958333,0
2017-11-17,0.002915676,6.189166667,0
2017-11-18,0.002894849,7.403541667,0
2017-11-19,0.003665004,7.688229167,0
2017-11-20,0.002901811,5.289791667,0
2017-11-21,0.003087448,5.947916667,0
2017-11-22,0.00423662,7.002916667,0
2017-11-23,0.004226636,4.622708333,0
2017-11-24,0.003630675,4.851979167,0
2017-11-25,0.003335273,6.140104167,0
2017-11-26,0.00339112,6.0946875,0
2017-11-27,0.003215094,5.626979167,0
2017-11-28,0.003142099,5.8890625,0
2017-11-29,0.002877091,6.478333333,0
2017-11-30,0.002386197,7.044270833,0
2017-12-01,0.002707595,7.123541667,0
2017-12-02,0.001695289,6.4228125,0
2017-12-03,0.001835376,6.633020833,0
2017-12-04,0.001487352,6.355729167,0
2017-12-05,0.001336335,7.467291667,0
2017-12-06,0.001429078,6.690470588,0
2017-12-07,9.38E-04,5.590784314,0
2017-12-08,0.001151793,4.313958333,0
2017-12-09,0.00126102,3.928,0
2017-12-10,6.87E-04,2.718363636,0
2017-12-11,6.00E-04,2.94940678,0
2017-12-12,0.001199434,3.30132948,0
2017-12-13,0.001966029,0.857284768,0
2017-12-14,9.58E-04,2.532762431,0
2017-12-15,0.00101662,2.105448718,0
2017-12-16,7.39E-04,2.137964602,0
2017-12-17,7.52E-04,3.229803922,0
2017-12-18,0.001525769,5.275495495,0
2017-12-19,0.001935925,5.954537815,0
2017-12-20,0.001112699,6.739642857,0
2017-12-21,0.001112904,4.798695652,0
2017-12-22,0.001088769,5.617815126,0
2017-12-23,0.001831716,7.864479167,0
2017-12-24,0.001126534,6.038229167,0
2017-12-25,9.74E-04,2.484495413,0
2017-12-26,8.41E-04,1.629904762,0
2017-12-27,0.001005794,1.508380952,0
2017-12-28,0.001243674,0.27706422,0
2017-12-29,0.001753004,0.26036036,0
2017-12-30,7.92E-04,0.255520833,0
2017-12-31,0.003348932,0.21375,0
2018-01-01,0.009518942,0.1809375,0
2018-01-02,0.020586252,0.172395833,0
2018-01-03,0.002017819,0.105208333,0
2018-01-04,0.006222973,-0.068229167,0
2018-01-05,0.016819244,-0.3025,0
2018-01-06,0.008858129,-1.0428125,0
2018-01-07,0.009829454,-1.265833333,0
2018-01-08,0.003154123,-0.4296875,0
2018-01-09,0.001386604,0.22125,0
2018-01-10,2.91E-04,0.268541667,0
2018-01-11,6.10E-04,0.259375,0
2018-01-12,0.004723844,2.606666667,0
2018-01-13,0.005314464,2.032708333,0
2018-01-14,0.002322931,0.2303125,0
2018-01-15,0.004254247,0.236842105,0
2018-01-16,0.001893794,0.246354167,0
2018-01-17,6.02E-04,0.208125,0
2018-01-18,0.003037428,0.22125,0
2018-01-19,5.12E-04,0.24625,0
2018-01-20,1.60E-04,0.435,0
2018-01-21,4.45E-05,2.691041667,0
2018-01-22,2.98E-05,4.671875,0
2018-01-23,3.58E-04,5.892708333,0
2018-01-24,1.47E-04,3.604895833,0
2018-01-25,7.55E-05,2.176354167,0
2018-01-26,5.04E-05,2.147291667,0
2018-01-27,7.66E-06,3.3940625,0
2018-01-28,0.001273002,5.648541667,0
2018-01-29,0.001496047,5.149479167,0
2018-01-30,9.05E-04,2.0078125,0
2018-01-31,2.28E-04,0.9440625,0
2018-02-01,1.24E-04,2.45875,0
2018-02-02,2.62E-04,1.749895833,0
2018-02-03,0.001514503,0.305729167,0
2018-02-04,0.005708222,0.5596875,0
2018-02-05,0.002044576,1.674375,0
2018-02-06,6.08E-04,2.1590625,0
2018-02-07,0.008823653,2.913125,0
2018-02-08,0.004474998,2.687083333,0
2018-02-09,0.001161451,2.745729167,0
2018-02-10,0.003924782,4.11375,0
2018-02-11,0.024400928,7.151354167,0
2018-02-12,0.007913557,7.6640625,0
2018-02-13,0.00851695,5.6415625,0
2018-02-14,0.001437056,5.87625,0
2018-02-15,8.17E-04,9.130416667,0
2018-02-16,4.62E-04,9.915104167,0
2018-02-17,1.50E-04,6.271979167,0
2018-02-18,1.04E-04,6.050625,0
2018-02-19,3.01E-04,6.554615385,0
2018-02-20,2.63E-04,9.096041667,0
2018-02-21,4.17E-04,10.904375,0
2018-02-22,8.01E-04,12.716875,0
2018-02-23,0.001102175,10.81645833,0
2018-02-24,0.0018731,11.14114583,0
2018-02-25,0.002736416,11.8334375,0
2018-02-26,0.003080799,9.953854167,0
2018-02-27,0.002889254,7.821666667,0
2018-02-28,0.002882486,8.1428125,0
2018-03-01,0.005624397,9.274270833,0
2018-03-02,0.007116014,6.778854167,0
2018-03-03,0.00568204,5.212291667,0
2018-03-04,0.004664126,5.658645833,0
2018-03-05,0.004073327,5.767291667,0
2018-03-06,0.00425351,4.9696875,0
2018-03-07,0.004430374,5.422291667,0
2018-03-08,0.004273881,4.303541667,0
2018-03-09,0.004105331,3.668541667,0
2018-03-10,0.003643825,4.576979167,0
2018-03-11,0.003521875,5.5890625,0
2018-03-12,0.005600268,3.714895833,0
2018-03-13,0.007437635,3.969375,0
2018-03-14,0.008876121,3.124895833,0
2018-03-15,0.009034469,4.265625,0
2018-03-16,0.009331583,5.535416667,0
2018-03-17,0.008897362,6.131458333,0
2018-03-18,0.015601644,8.190416667,0
2018-03-19,0.011235392,8.641034483,0
2018-03-20,0.025845362,7.21875,0
2018-03-21,0.027305515,5.228854167,0
2018-03-22,0.025694708,5.405104167,0
2018-03-23,0.024177149,5.706875,0
2018-03-24,0.024602786,4.738854167,0
2018-03-25,0.026300559,5.711666667,0
2018-03-26,0.024589699,6.106145833,0
2018-03-27,0.025791327,5.6503125,0
2018-03-28,0.026147045,7.772083333,0
2018-03-29,0.02506646,10.14322917,0
2018-03-30,0.026411406,10.60677083,0
2018-03-31,0.023446563,8.976666667,0
2018-04-01,0.022259415,9.501875,0
2018-04-02,0.021357155,10.24114583,0
2018-04-03,0.020873157,9.966979167,0
2018-04-04,0.020655488,10.7253125,0
2018-04-05,0.019546998,8.506875,0
2018-04-06,0.018363582,9.541145833,0
2018-04-07,0.01805733,9.125,0
2018-04-08,0.017157745,8.222708333,0
2018-04-09,0.016076947,7.443958333,0
2018-04-10,0.015302709,8.771770833,0
2018-04-11,0.013950937,9.632083333,0
2018-04-12,0.013246514,11.16572917,0
2018-04-13,0.012538535,12.98197917,0
2018-04-14,0.011810061,14.39895833,0
2018-04-15,0.02049143,14.44479167,0
2018-04-16,0.04410721,12.21364583,0
2018-04-17,0.035682558,10.56166667,0
2018-04-18,0.030056435,12.42875,0
2018-04-19,0.029510845,11.58760417,0
2018-04-20,0.024856772,10.82270833,0
2018-04-21,0.022089391,11.50333333,0
2018-04-22,0.020826066,12.07041667,0
2018-04-23,0.020242302,11.96895833,0
2018-04-24,0.046046988,11.36072917,0
2018-04-25,0.085173707,12.16614583,0
2018-04-26,0.083779,13.02010417,0
2018-04-27,0.080711197,14.01822917,0
2018-04-28,0.076876159,14.4021875,0
2018-04-29,0.071440448,13.03,0
2018-04-30,0.064061042,13.30927083,0
2018-05-01,0.056709168,14.42364583,0
2018-05-02,0.050183183,16.07052083,0
2018-05-03,0.045896205,17.55354167,0
2018-05-04,0.041665997,18.85677083,0
2018-05-05,0.035669234,18.59229167,0
2018-05-06,0.03274911,17.98489583,0
2018-05-07,0.030069406,17.32020833,0
2018-05-08,0.031274715,17.6078125,0
2018-05-09,0.027909027,17.8228125,0
2018-05-10,0.02584851,18.4221875,0
2018-05-11,0.024787546,19.18458333,0
2018-05-12,0.023786247,20.414375,0
2018-05-13,0.021836853,21.0675,0
2018-05-14,0.020250262,21.54416667,0
2018-05-15,0.020658442,21.00052083,0
2018-05-16,0.039396856,20.15770833,0
2018-05-17,0.09944486,19.95833333,0
2018-05-18,0.138105242,18.15052083,0
2018-05-19,0.129910821,17.72416667,0
2018-05-20,0.099946171,19.389375,0
2018-05-21,0.09144382,20.87020833,0
2018-05-22,0.092812269,21.2784375,0
2018-05-23,0.092587298,21.55148936,0
2018-05-24,0.087939208,22.07541667,0
2018-05-25,0.08607412,22.43614583,0
2018-05-26,0.086648014,22.49270833,0
2018-05-27,0.092065775,22.41927083,0
2018-05-28,0.095886775,22.02604167,0
2018-05-29,0.090780148,21.9346875,0
2018-05-30,0.089421339,22.11510417,0
2018-05-31,0.089745924,22.51854167,0
2018-06-01,0.091371333,22.65229167,0
2018-06-02,0.088626725,22.58625,0
2018-06-03,0.086648865,22.67125,0
2018-06-04,0.084330564,22.371875,0
2018-06-05,0.083501639,22.05354167,0
2018-06-06,0.083149899,22.22020833,0
2018-06-07,0.082164572,22.21520833,0
2018-06-08,0.082603025,23.21166667,0
2018-06-09,0.082265727,24.20145833,0
2018-06-10,0.062208631,23.36166667,0
2018-06-11,0.011383087,19.7040625,0
2018-06-12,0.007789239,17.37229167,0
2018-06-13,0.006782301,18.2471875,0
2018-06-14,0.007616496,19.39010417,0
2018-06-15,0.012267377,19.12270833,0
2018-06-16,0.015479576,20.1765625,0
2018-06-17,0.015578227,21.43322917,0
2018-06-18,0.071268691,24.73697917,0
2018-06-19,0.081493856,26.023125,0
2018-06-20,0.078192338,26.01458333,0
2018-06-21,0.073861024,25.49333333,0
2018-06-22,0.074803396,25.02229167,0
2018-06-23,0.059373697,24.40916667,0
2018-06-24,0.046514953,24.25510417,0
2018-06-25,0.04140002,23.59229167,0
2018-06-26,0.040827032,22.16614583,0
2018-06-27,0.034899688,21.81166667,0
2018-06-28,0.028215759,22.26645833,0
2018-06-29,0.022790756,22.48666667,0
2018-06-30,0.019101701,22.87052083,0
2018-07-01,0.015437723,23.22322917,0
2018-07-02,0.011710857,23.3528125,0
2018-07-03,0.008944598,23.38864583,0
2018-07-04,0.00610977,23.3396875,0
2018-07-05,0.003281302,22.65430108,0
2018-07-06,0.001934774,21.94916667,0
2018-07-07,0.001479202,20.0475,0
2018-07-08,4.94E-04,18.40958333,0
2018-07-09,3.96E-04,18.270625,0
2018-07-10,4.45E-04,19.51447917,0
2018-07-11,4.88E-04,20.58583333,0
2018-07-12,2.67E-04,20.61947917,0
2018-07-13,1.85E-04,20.5859375,0
2018-07-14,2.07E-04,20.08625,0
2018-07-15,2.92E-04,20.250625,0
2018-07-16,2.46E-04,20.93104167,0
2018-07-17,8.06E-04,21.07479167,0
2018-07-18,2.45E-04,20.41479167,0
2018-07-19,1.25E-04,18.9759375,0
2018-07-20,7.98E-05,19.24854167,0
2018-07-21,8.21E-05,19.35572917,0
2018-07-22,6.52E-04,19.04197917,0
2018-07-23,0.002697562,18.9587234,0
2018-07-24,0.004107031,19.38895833,0
2018-07-25,0.006324943,19.15770833,0
2018-07-26,0.002248446,19.60395833,0
2018-07-27,0.001239155,20.08635417,0
2018-07-28,7.44E-04,19.79989583,0
2018-07-29,4.05E-04,19.24395833,0
2018-07-30,4.54E-04,19.85552083,0
2018-07-31,6.45E-04,19.42635417,0
2018-08-01,0.001504798,19.890625,0
2018-08-02,0.009107562,19.7009375,0
2018-08-03,0.006126102,19.11114583,0
2018-08-04,0.003066397,19.66395833,0
2018-08-05,0.001191712,20.36375,0
2018-08-06,6.38E-04,20.60463158,0
2018-08-07,5.91E-04,20.76322917,0
2018-08-08,4.95E-04,20.8025,0
2018-08-09,3.50E-04,20.72145833,0
2018-08-10,2.30E-04,20.34072917,0
2018-08-11,3.14E-04,20.52989583,0
2018-08-12,3.97E-04,20.00854167,0
2018-08-13,2.67E-04,19.39854167,0
2018-08-14,1.57E-04,18.82166667,0
2018-08-15,1.23E-04,19.10458333,0
2018-08-16,2.11E-04,20.0696875,0
2018-08-17,1.96E-04,20.87760417,0
2018-08-18,0.005533595,20.46604167,0
2018-08-19,5.91E-04,20.186875,0
2018-08-20,2.01E-04,20.03054348,0
2018-08-21,0.003438108,20.16,0
2018-08-22,0.001197967,19.85291667,0
2018-08-23,1.96E-04,17.68583333,0
2018-08-24,6.58E-05,16.79458333,0
2018-08-25,1.07E-04,17.35635417,0
2018-08-26,1.07E-04,18.31895833,0
2018-08-27,2.65E-04,19.85635417,0
2018-08-28,2.59E-04,20.44802083,0
2018-08-29,2.08E-04,20.70375,0
2018-08-30,0.001066179,20.88052083,0
2018-08-31,1.77E-04,20.43666667,0
2018-09-01,1.94E-04,20.25927083,0
2018-09-02,1.54E-04,20.04854167,0
2018-09-03,2.15E-04,20.85645833,0
2018-09-04,1.59E-04,21.125625,0
2018-09-05,8.62E-05,21.33041667,0
2018-09-06,1.65E-04,21.00135417,0
2018-09-07,5.35E-05,21.0059375,0
2018-09-08,0.014640291,20.46927083,0
2018-09-09,0.013194377,17.78541667,0
2018-09-10,0.00511814,17.46760417,0
2018-09-11,8.53E-04,18.535625,0
2018-09-12,0.001787492,19.23851064,0
2018-09-13,6.34E-04,19.78739583,0
2018-09-14,3.45E-04,19.93635417,0
2018-09-15,3.62E-04,19.80604167,0
2018-09-16,0.005233786,19.426875,0
2018-09-17,0.04625691,19.4578125,0
2018-09-18,0.008019072,19.41083333,0
2018-09-19,0.002300667,19.29989583,0
2018-09-20,8.26E-04,19.74020833,0
2018-09-21,4.64E-04,20.37114583,0
2018-09-22,0.010082232,20.01114583,0
2018-09-23,0.058196354,17.93770833,0
2018-09-24,0.012355092,17.08697917,0
2018-09-25,0.005821239,17.75833333,0
2018-09-26,0.00403795,18.4175,0
2018-09-27,0.00841746,17.51072917,0
2018-09-28,0.015370382,16.94645833,0
2018-09-29,0.011619307,17.06947917,0
2018-09-30,0.00813408,17.08770833,0
2018-10-01,0.007053919,18.01895833,0
2018-10-02,0.006040914,18.42291667,0
2018-10-03,0.005216629,18.79708333,0
2018-10-04,0.00407616,19.18083333,0
2018-10-05,0.002627757,19.39114583,0
2018-10-06,0.001934202,19.18489583,0
2018-10-07,0.001770354,19.369375,0
2018-10-08,0.001181794,19.53869565,0
2018-10-09,0.001323053,19.29708333,0
2018-10-10,0.003790759,19.13854167,0
2018-10-11,0.108592613,19.03395833,0
2018-10-12,0.098841367,16.995,0
2018-10-13,0.075408172,16.43979167,0
2018-10-14,0.071442815,15.861875,0
2018-10-15,0.076254418,16.92946809,0
2018-10-16,0.079306582,16.88239583,0
2018-10-17,0.071208567,15.9825,0
2018-10-18,0.059365805,14.57010417,0
2018-10-19,0.04696046,14.35958333,0
2018-10-20,0.040114771,14.93135417,0
2018-10-21,0.033533456,11.95416667,0
2018-10-22,0.026833245,11.479375,0
2018-10-23,0.024596561,12.3609375,0
2018-10-24,0.021454205,11.5028125,0
2018-10-25,0.019254973,10.54927083,0
2018-10-26,0.024444977,10.30072917,0
2018-10-27,0.028494317,11.15052083,0
2018-10-28,0.023240294,11.085625,0
2018-10-29,0.020678829,10.79923913,0
2018-10-30,0.018605425,10.57958333,0
2018-10-31,0.016676117,11.8646875,0
2018-11-01,0.014558378,13.00895833,0
2018-11-02,0.017823627,13.883125,0
2018-11-03,0.017659601,10.9378125,0
2018-11-04,0.014569083,10.150625,0
2018-11-05,0.014193212,11.61260417,0
2018-11-06,0.015282336,12.48635417,0
2018-11-07,0.014581579,11.81895833,0
2018-11-08,0.01192399,11.69822917,0
2018-11-09,0.011861287,10.31104167,0
2018-11-10,0.011274022,8.076979167,0
2018-11-11,0.009329188,6.235729167,0
2018-11-12,0.014660873,6.574270833,0
2018-11-13,0.033030204,8.578645833,0
2018-11-14,0.026783526,7.9846875,0
2018-11-15,0.062113414,7.510520833,0
2018-11-16,0.081158628,8.022916667,0
2018-11-17,0.071880449,8.1175,0
2018-11-18,0.066692229,8.166041667,0
2018-11-19,0.065721108,8.598712871,0
2018-11-20,0.059891739,8.548020833,0
2018-11-21,0.051367279,7.452083333,0
2018-11-22,0.045202625,7.294479167,0
2018-11-23,0.038878511,6.060416667,0
2018-11-24,0.053536723,6.366875,0
2018-11-25,0.057133085,7.454375,0
2018-11-26,0.052033821,7.670208333,0
2018-11-27,0.049424587,5.692604167,0
2018-11-28,0.045120539,3.8965625,0
2018-11-29,0.040861678,4.63375,0
2018-11-30,0.038698127,6.613020833,0
2018-12-01,0.03782767,6.46,0
2018-12-02,0.034605637,7.1290625,0
2018-12-03,0.034385954,7.0271875,0
2018-12-04,0.030899522,5.797708333,0
2018-12-05,0.029082841,5.096354167,0
2018-12-06,0.026524118,4.372395833,0
2018-12-07,0.02476706,4.716354167,0
2018-12-08,0.023015415,4.416145833,0
2018-12-09,0.027895327,1.958020833,0
2018-12-10,0.029554386,3.659583333,0
2018-12-11,0.028016947,3.064895833,0
2018-12-12,0.02568669,3.7509375,0
2018-12-13,0.025163096,4.427916667,0
2018-12-14,0.034143685,4.680416667,0
2018-12-15,0.07342827,5.760833333,0
2018-12-16,0.088721909,5.98,0
2018-12-17,0.088008891,5.4025,0
2018-12-18,0.088312354,4.7509375,0
2018-12-19,0.083909071,4.666354167,0
2018-12-20,0.094911624,5.5084375,0
2018-12-21,0.114971316,6.9215625,0
2018-12-22,0.101267932,5.572708333,0
2018-12-23,0.093377131,5.175520833,0
2018-12-24,0.089945662,4.958854167,0
2018-12-25,0.087427326,4.780625,0
2018-12-26,0.085266483,4.491875,0
2018-12-27,0.083566179,4.610104167,0
2018-12-28,0.102028138,5.764270833,0
2018-12-29,0.097488222,6.141875,0
2018-12-30,0.090660153,5.973854167,0
2018-12-31,0.084815265,6.293333333,0
2019-01-01,0.083188384,6.9190625,0
2019-01-02,0.081420279,6.161666667,0
2019-01-03,0.082077551,6.368958333,0
2019-01-04,0.081717851,6.10625,0
2019-01-05,0.081682739,6.253541667,0
2019-01-06,0.079409012,5.9628125,0
2019-01-07,0.078723599,5.6884375,0
2019-01-08,0.07868306,6.4259375,0
2019-01-09,0.079766179,5.466458333,0
2019-01-10,0.086058629,3.770520833,0
2019-01-11,0.082121136,3.478645833,0
2019-01-12,0.078374091,3.464791667,0
2019-01-13,0.078589106,3.2990625,0
2019-01-14,0.072191921,3.578958333,0
2019-01-15,0.073367613,3.741979167,0
2019-01-16,0.070449309,3.577083333,0
2019-01-17,0.065808716,3.330208333,0
2019-01-18,0.062933785,4.106041667,0
2019-01-19,0.061661165,4.1434375,0
2019-01-20,0.082393546,3.690520833,0
2019-01-21,0.08006591,1.324479167,0
2019-01-22,0.069119372,1.713854167,0
2019-01-23,0.063122683,3.11875,0
2019-01-24,0.075931078,4.300729167,0
2019-01-25,0.079934258,2.846145833,0
2019-01-26,0.076683989,2.6815625,0
2019-01-27,0.069926104,3.008333333,0
2019-01-28,0.063297526,3.416875,0
2019-01-29,0.060349351,3.2821875,0
2019-01-30,0.058695007,1.985729167,0
2019-01-31,0.055466513,1.621770833,0
2019-02-01,0.052062616,2.711354167,0
2019-02-02,0.050862844,3.538229167,0
2019-02-03,0.049684118,4.621354167,0
2019-02-04,0.048187685,5.0475,0
2019-02-05,0.046215499,6.0565625,0
2019-02-06,0.044021552,6.362395833,0
2019-02-07,0.044542701,7.566354167,0
2019-02-08,0.042393703,6.869473684,0
2019-02-09,0.038591922,4.335,0
2019-02-10,0.035777799,3.820625,0
2019-02-11,0.037842328,5.031145833,0
2019-02-12,0.047543368,4.775520833,0
2019-02-13,0.050340168,4.76375,0
2019-02-14,0.045783456,4.978958333,0
2019-02-15,0.043356118,6.172395833,0
2019-02-16,0.047553995,5.6646875,0
2019-02-17,0.051222606,4.6496875,0
2019-02-18,0.063999343,5.178020833,0
2019-02-19,0.060279795,4.8675,0
2019-02-20,0.076721386,3.4521875,0
2019-02-21,0.100671699,5.218541667,0
2019-02-22,0.113435991,5.568958333,0
2019-02-23,0.132882303,5.535104167,0
2019-02-24,0.121839792,6.03625,0
2019-02-25,0.102659362,5.131145833,0
2019-02-26,0.097517365,5.650104167,0
2019-02-27,0.09231756,5.591041667,0
2019-02-28,0.086666653,6.487395833,0
2019-03-01,0.086225128,5.7334375,0
2019-03-02,0.087519744,6.505520833,0
2019-03-03,0.086560473,6.128229167,0
2019-03-04,0.091457925,5.480625,0
2019-03-05,0.088042884,4.957604167,0
2019-03-06,0.086669935,4.426770833,0
2019-03-07,0.082760978,4.726041667,0
2019-03-08,0.081740119,4.734375,0
2019-03-09,0.082503299,4.9725,0
2019-03-10,0.080509787,6.163333333,0
2019-03-11,0.084962447,6.1015625,0
2019-03-12,0.083198654,5.829479167,0
2019-03-13,0.082296102,6.2728125,0
2019-03-14,0.082409632,7.652291667,0
2019-03-15,0.083805029,8.786354167,0
2019-03-16,0.084181225,7.2803125,0
2019-03-17,0.083574952,7.281666667,0
2019-03-18,0.084156217,7.318072289,0
2019-03-19,0.083475543,7.2953125,0
2019-03-20,0.082898744,7.674375,0
2019-03-21,0.083550779,8.384375,0
2019-03-22,0.082831695,7.991145833,0
2019-03-23,0.077188629,7.6115625,0
2019-03-24,0.07765741,8.2903125,0
2019-03-25,0.075579067,9.072604167,0
2019-03-26,0.073639584,9.251145833,0
2019-03-27,0.070147358,8.687083333,0
2019-03-28,0.069677718,9.263645833,0
2019-03-29,0.070790293,10.4109375,0
2019-03-30,0.071292382,11.4665625,0
2019-03-31,0.072742554,11.124375,0
2019-04-01,0.076584955,9.2625,0
2019-04-02,0.076427634,9.0109375,0
2019-04-03,0.071941769,9.930208333,0
2019-04-04,0.06383907,10.98822917,0
2019-04-05,0.060584406,10.8040625,0
2019-04-06,0.059737687,11.8309375,0
2019-04-07,0.054841736,12.313125,0
2019-04-08,0.063160324,13.0771875,0
2019-04-09,0.070283527,13.77625,0
2019-04-10,0.062040144,13.74,0
2019-04-11,0.056043526,14.12604167,0
2019-04-12,0.057192725,14.451875,0
2019-04-13,0.06709305,14.56583333,0
2019-04-14,0.116442419,14.3834375,0
2019-04-15,0.142390371,12.67530612,0
2019-04-16,0.098251795,12.62197917,0
2019-04-17,0.093195141,14.123125,0
2019-04-18,0.090931527,15.37583333,0
2019-04-19,0.096295088,15.55010417,0
2019-04-20,0.098351407,14.23020833,0
2019-04-21,0.091219212,13.84864583,0
2019-04-22,0.090804184,15.46416667,0
2019-04-23,0.092085467,15.58635417,0
2019-04-24,0.090993406,16.36705263,0
2019-04-25,0.089257541,16.81302083,0
2019-04-26,0.090656306,16.01864583,0
2019-04-27,0.08893153,14.79927083,0
2019-04-28,0.090213278,15.79822917,0
2019-04-29,0.08776707,14.95541667,0
2019-04-30,0.088899871,16.4634375,0
2019-05-01,0.088999795,17.98614583,0
2019-05-02,0.088250117,18.9153125,0
2019-05-03,0.087353272,19.58354167,0
2019-05-04,0.085905678,19.76822917,0
2019-05-05,0.083828214,19.44677083,0
2019-05-06,0.080707274,18.96978022,0
2019-05-07,0.075810075,19.14375,0
2019-05-08,0.070301082,19.74427083,0
2019-05-09,0.064437396,19.81239583,0
2019-05-10,0.057813362,19.74979167,0
2019-05-11,0.055558865,19.48958333,0
2019-05-12,0.060912829,19.311875,0
2019-05-13,0.060400449,17.92739583,0
2019-05-14,0.054047615,16.0540625,0
2019-05-15,0.047374731,15.930625,0
2019-05-16,0.042317806,16.6465625,0
2019-05-17,0.038242171,17.6915625,0
2019-05-18,0.034607711,18.71385417,0
2019-05-19,0.031481421,19.7740625,0
2019-05-20,0.028773609,19.73427083,0
2019-05-21,0.025709725,18.76145833,0
2019-05-22,0.023271752,17.86979167,0
2019-05-23,0.022938168,19.30895833,0
2019-05-24,0.021816719,20.15572917,0
2019-05-25,0.021806883,20.39583333,0
2019-05-26,0.023361355,20.61354167,0
2019-05-27,0.024787589,20.59677083,0
2019-05-28,0.02241835,21.03833333,0
2019-05-29,0.021306003,20.978125,0
2019-05-30,0.020661564,20.58875,0
2019-05-31,0.020495882,19.813125,0
2019-06-01,0.020424055,19.2196875,0
2019-06-02,0.018248853,19.36583333,0
2019-06-03,0.022642285,18.20229167,0
2019-06-04,0.027035718,17.17802083,0
2019-06-05,0.03142915,18.10135417,0
2019-06-06,0.035822583,18.61619048,0
2019-06-07,0.040216015,18.69924051,0
2019-06-08,0.060333452,18.21302083,0
2019-06-09,0.059255451,18.97072917,0
2019-06-10,0.066972403,19.53927083,0
2019-06-11,0.073132703,19.10447917,0
2019-06-12,0.062408959,18.83697917,0
2019-06-13,0.057087988,18.94802083,0
2019-06-14,0.046557228,17.70083333,0
2019-06-15,0.040221851,18.43885417,0
2019-06-16,0.038286876,19.59052083,0
2019-06-17,0.036698286,20.44494737,0
2019-06-18,0.035455516,20.46364583,0
2019-06-19,0.034289081,20.68947917,0
2019-06-20,0.032218267,20.73645833,0
2019-06-21,0.028270635,19.26833333,0
2019-06-22,0.025813575,18.7203125,0
2019-06-23,0.023498484,18.73739583,0
2019-06-24,0.024754253,19.92302083,0
2019-06-25,0.027990016,20.39697917,0
2019-06-26,0.023977064,20.25833333,0
2019-06-27,0.021278084,20.85442105,0
2019-06-28,0.019398126,20.805625,0
2019-06-29,0.017661874,20.52197917,0
2019-06-30,0.01608137,20.8253125,0
2019-07-01,0.013618229,20.398,0
2019-07-02,0.021129383,19.95833333,0
2019-07-03,0.020686565,20.7171875,0
2019-07-04,0.018894519,21.0096875,0
2019-07-05,0.018965684,20.76791667,0
2019-07-06,0.016826882,21.32375,0
2019-07-07,0.015232368,21.1121875,0
2019-07-08,0.014665488,21.05645833,0
2019-07-09,0.013693705,20.08,0
2019-07-10,0.012219567,20.36010417,0
2019-07-11,0.01287072,20.75708333,0
2019-07-12,0.011833045,20.77604167,0
2019-07-13,0.010303836,20.81979167,0
2019-07-14,0.009573294,21.07229167,0
2019-07-15,0.009901779,21.09645833,0
2019-07-16,0.009635789,20.72125,0
2019-07-17,0.00990851,21.1615625,0
2019-07-18,0.010500988,21.36145833,0
2019-07-19,0.009538072,21.718125,0
2019-07-20,0.008921026,22.14572917,0
2019-07-21,0.010451752,21.4625,0
2019-07-22,0.011045652,20.6171875,0
2019-07-23,0.017373815,18.91260417,0
2019-07-24,0.011644841,18.29958333,0
2019-07-25,0.010025527,18.14645833,0
2019-07-26,0.009624878,18.4921875,0
2019-07-27,0.009570597,19.00135417,0
2019-07-28,0.009669719,19.36458333,0
2019-07-29,0.009445651,19.96084211,0
2019-07-30,0.010782293,19.88229167,0
2019-07-31,0.016634764,19.1328125,0
2019-08-01,0.014314758,19.13583333,0
2019-08-02,0.012818109,19.02291667,0
2019-08-03,0.010064208,19.56770833,0
2019-08-04,0.009070795,20.090625,0
2019-08-05,0.009482202,19.84072917,0
2019-08-06,0.048922841,20.36625,0
2019-08-07,0.032524408,21.52177083,0
2019-08-08,0.027959526,21.60927083,0
2019-08-09,0.024682953,21.49041667,0
2019-08-10,0.021106171,21.0809375,0
2019-08-11,0.017927646,19.89677083,0
2019-08-12,0.014086877,20.364375,0
2019-08-13,0.011980837,21.433125,0
2019-08-14,0.009921879,21.479375,0
2019-08-15,0.012096751,21.22697917,0
2019-08-16,0.013066855,21.0828125,0
2019-08-17,0.011253864,21.30302083,0
2019-08-18,0.009271087,21.22010417,0
2019-08-19,0.008393383,21.28427083,0
2019-08-20,0.007903024,21.17645833,0
2019-08-21,0.007696415,21.28291667,0
2019-08-22,0.007622413,21.1546875,0
2019-08-23,0.013423961,20.65135417,0
2019-08-24,0.012029921,18.22645833,0
2019-08-25,0.008833463,17.33145833,0
2019-08-26,0.008110303,17.38895833,0
2019-08-27,0.009010727,17.83416667,0
2019-08-28,0.008565927,18.74273684,0
2019-08-29,0.00804072,17.70260417,0
2019-08-30,0.00778755,17.55135417,0
2019-08-31,0.007831692,19.05864583,0
2019-09-01,0.008190546,19.48979167,0
2019-09-02,0.007315059,19.431875,0
2019-09-03,0.006777891,19.6171875,0
2019-09-04,0.006675476,20.02239583,0
2019-09-05,0.006680542,20.2003125,0
2019-09-06,0.00652265,19.33625,0
2019-09-07,0.006274916,18.67635417,0
2019-09-08,0.006225269,18.32677083,0
2019-09-09,0.006250076,19.429375,0
2019-09-10,0.006453053,19.78645833,0
2019-09-11,0.006516317,20.46635417,0
2019-09-12,0.00718245,20.5675,0
2019-09-13,0.007020623,19.8734375,0
2019-09-14,0.007400616,19.15770833,0
2019-09-15,0.007040056,19.48302083,0
2019-09-16,0.006558176,19.36166667,0
2019-09-17,0.006132475,19.28364583,0
2019-09-18,0.006230756,18.464375,0
2019-09-19,0.006000247,16.2753125,0
2019-09-20,0.005930715,15.319375,0
2019-09-21,0.00609537,17.29947917,0
2019-09-22,0.005820423,18.75989583,0
2019-09-23,0.005532035,18.85135417,0
2019-09-24,0.005379338,18.05177083,0
2019-09-25,0.005341396,16.54520833,0
2019-09-26,0.005292432,17.9190625,0
2019-09-27,0.00519999,17.89968421,0
2019-09-28,0.005499621,18.97697917,0
2019-09-29,0.005425896,19.8925,0
2019-09-30,0.005421152,19.92989583,0
2019-10-01,0.005519877,19.91604167,0
2019-10-02,0.005196273,20.41354167,0
2019-10-03,0.004950677,20.21604167,0
2019-10-04,0.004645774,19.5425,0
2019-10-05,0.004763649,14.99833333,0
2019-10-06,0.00629808,15.05395833,0
2019-10-07,0.005539322,16.7121875,0
2019-10-08,0.006562891,15.0515625,0
2019-10-09,0.005787369,14.33364583,0
2019-10-10,0.005520332,14.68166667,0
2019-10-11,0.005424745,14.52631579,0
2019-10-12,0.005230361,14.73614583,0
2019-10-13,0.005182367,13.49739583,0
2019-10-14,0.005165143,13.18791667,0
2019-10-15,0.00485777,12.51572917,0
2019-10-16,0.009564892,12.15239583,0
2019-10-17,0.005749104,9.926458333,0
2019-10-18,0.005297788,9.957604167,0
2019-10-19,0.005329836,9.8675,0
2019-10-20,0.018139903,11.7734375,0
2019-10-21,0.006916552,12.89708333,0
2019-10-22,0.011268906,13.31729167,0
2019-10-23,0.007400842,11.40810526,0
2019-10-24,0.006292858,10.32572917,0
2019-10-25,0.006103258,10.97083333,0
2019-10-26,0.006232189,12.55354167,0
2019-10-27,0.016825283,14.46916667,0
2019-10-28,0.008031208,13.31125,0
2019-10-29,0.007015848,13.2828125,0
2019-10-30,0.009500353,13.9590625,0
2019-10-31,0.020861684,15.3128125,0
2019-11-01,0.014205923,9.46375,0
2019-11-02,0.009034926,8.2609375,0
2019-11-03,0.00767734,7.82340625,0
2019-11-04,0.007149197,7.617635417,0
2019-11-05,0.006966089,8.721645833,0
2019-11-06,0.006742436,8.899302083,0
2019-11-07,0.006797052,9.557708333,0
2019-11-08,0.006456168,6.698833333,0
2019-11-09,0.006373611,4.615364583,0
2019-11-10,0.006490026,6.36146875,0
2019-11-11,0.006512502,8.518010417,0
2019-11-12,0.006405493,6.373854167,0
2019-11-13,0.006152629,2.111166667,0
2019-11-14,0.006237904,2.745864583,0
2019-11-15,0.006325668,4.46196875,0
2019-11-16,0.006293177,4.263479167,0
2019-11-17,0.006315245,4.565510417,0
2019-11-18,0.007038182,5.629645833,0
2019-11-19,0.006665684,5.846989583,0
2019-11-20,0.006398378,6.148739583,0
2019-11-21,0.006338544,6.120979167,0
2019-11-22,0.006485829,7.626489583,0
2019-11-23,0.007769131,5.953135417,0
2019-11-24,0.008270919,5.542052083,0
2019-11-25,0.006870939,5.369760417,0
2019-11-26,0.006630444,6.152260417,0
2019-11-27,0.007809504,7.792,0
2019-11-28,0.006900341,5.576302083,0
2019-11-29,0.006743619,5.858052083,0
2019-11-30,0.008159003,6.44790625,0
2019-12-01,0.023162223,6.6365625,0
2019-12-02,0.013253119,5.676916667,0
2019-12-03,0.009524696,4.093833333,0
2019-12-04,0.008393337,3.855802083,0
2019-12-05,0.013283551,3.78534375,0
2019-12-06,0.011309753,4.47434375,0
2019-12-07,0.007023157,5.026677083,0
2019-12-08,0.006806689,3.377708333,0
2019-12-09,0.009852758,4.51796875,0
2019-12-10,0.009180584,6.487604167,0
2019-12-11,0.008818814,3.7426875,0
2019-12-12,0.008024075,2.315229167,0
2019-12-13,0.010926365,3.060635417,0
2019-12-14,0.018732459,5.421041667,0
2019-12-15,0.013706454,5.247,0
2019-12-16,0.010645592,5.70825,0
2019-12-17,0.00948517,6.515083333,0
2019-12-18,0.008299855,2.7376875,0
2019-12-19,0.00768699,1.012854167,0
2019-12-20,0.007486859,1.89171875,0
2019-12-21,0.007320475,2.50965625,0
2019-12-22,0.00725317,3.608947917,0
2019-12-23,0.007263324,5.262114583,0
2019-12-24,0.007165262,5.715739583,0
2019-12-25,0.006926573,4.84578125,0
2019-12-26,0.006881131,5.698385417,0
2019-12-27,0.006784736,6.613979167,0
2019-12-28,0.006781099,7.369229167,0
2019-12-29,0.007418196,8.931041667,0
2019-12-30,0.007818503,10.52520833,0
2019-12-31,0.006974079,6.965291667,0
2020-01-01,0.006659482,5.422239583,0
2020-01-02,0.00659954,5.526916667,0
2020-01-03,0.007920974,7.329333333,0
2020-01-04,0.008527704,8.355354167,0
2020-01-05,0.007696106,4.684197917,0
2020-01-06,0.007247577,4.166635417,0
2020-01-07,0.007417771,2.861520833,0
2020-01-08,0.007169696,2.865572917,0
2020-01-09,0.006811822,2.252197917,0
2020-01-10,0.006950854,4.526270833,0
2020-01-11,0.013726113,8.814979167,0
2020-01-12,0.027907015,9.520520833,0
2020-01-13,0.015013161,8.444510417,0
2020-01-14,0.011638847,9.128854167,0
2020-01-15,0.009862671,8.763052083,0
2020-01-16,0.008861219,7.605822917,0
2020-01-17,0.00805474,3.626760417,0
2020-01-18,0.008394054,3.372947917,0
2020-01-19,0.009018377,3.414666667,0
2020-01-20,0.009149875,0.707770833,0
2020-01-21,0.009437726,0.114083333,0
2020-01-22,0.009015585,0.182875,0
2020-01-23,0.008794454,0.84565625,0
2020-01-24,0.017367498,2.763895833,0
2020-01-25,0.023592611,5.0005,0
2020-01-26,0.014669276,3.89775,0
2020-01-27,0.01155794,3.939697917,0
2020-01-28,0.009966449,3.92996875,0
2020-01-29,0.009086249,3.746177083,0
2020-01-30,0.00854035,3.687791667,0
2020-01-31,0.008248503,3.142302083,0
2020-02-01,0.008198163,4.076052083,0
2020-02-02,0.007966127,4.76796875,0
2020-02-03,0.007744736,6.675927083,0
2020-02-04,0.007680302,8.327541667,0
2020-02-05,0.009370081,9.151427083,0
2020-02-06,0.047644876,7.5275625,0
2020-02-07,0.046057196,7.3023125,0
2020-02-08,0.024535393,4.623645833,0
2020-02-09,0.0173321,4.7609375,0
2020-02-10,0.01600871,5.651677083,0
2020-02-11,0.017308292,8.524479167,0
2020-02-12,0.015834747,7.12840625,0
2020-02-13,0.021380512,7.6160625,0
2020-02-14,0.018521671,4.977010417,0
2020-02-15,0.015780293,2.60003125,0
2020-02-16,0.014273412,4.05828125,0
2020-02-17,0.013060146,5.332552083,0
2020-02-18,0.012716971,6.247072917,0
2020-02-19,0.011773645,6.48996875,0
2020-02-20,0.010606876,4.210125,0
2020-02-21,0.010141785,3.144447917,0
2020-02-22,0.009959946,3.1656875,0
2020-02-23,0.009865455,4.11746875,0
2020-02-24,0.009901701,5.152958333,0
2020-02-25,0.011339631,7.725916667,0
2020-02-26,0.010484008,8.092354167,0
2020-02-27,0.009918929,4.72621875,0
2020-02-28,0.009509006,3.445552083,0
2020-02-29,0.009245544,3.10053125,0
2020-03-01,0.009092452,3.302166667,0
2020-03-02,0.009213073,4.913302083,0
2020-03-03,0.009859886,7.113958333,0
2020-03-04,0.009060766,7.20746875,0
2020-03-05,0.008952446,7.001041667,0
2020-03-06,0.009004187,5.66140625,0
2020-03-07,0.008530012,4.8064375,0
2020-03-08,0.00853136,5.190947917,0
2020-03-09,0.008666867,5.225,0
2020-04-01,0.013151906,9.369479167,0
2020-05-01,0.070361316,12.79135417,0
2020-06-01,0.067745431,18.42291667,0
2020-07-01,0.064013595,23.2196875,0
2020-08-01,0.006198099,25.478125,0
2020-04-02,0.011890093,9.692510417,0
2020-05-02,0.066499839,13.76947917,0
2020-06-02,0.067128865,19.51479167,0
2020-07-02,0.063005502,23.6790625,0
2020-08-02,0.005216691,25.21520833,0
2020-04-03,0.011281595,9.910072917,0
2020-05-03,0.064609943,15.37958333,0
2020-06-03,0.066466151,20.72479167,0
2020-07-03,0.062799352,24.10395833,0
2020-08-03,0.004168624,23.9153125,0
2020-04-04,0.010823891,11.03273958,0
2020-05-04,0.062916765,15.92572917,0
2020-06-04,0.066880032,21.37114583,0
2020-07-04,0.062481904,24.6659375,0
2020-08-04,0.003731066,23.62864583,0
2020-04-05,0.010508147,11.836875,0
2020-05-05,0.060374515,14.50864583,0
2020-06-05,0.067061101,21.7053125,0
2020-07-05,0.06184521,25.28229167,0
2020-08-05,0.003436816,23.1209375,0
2020-04-06,0.010299764,13.30072917,0
2020-05-06,0.057282195,13.75875,0
2020-06-06,0.065816049,22.14104167,0
2020-07-06,0.061618174,25.48322917,0
2020-08-06,0.003327524,23.12791667,0
2020-04-07,0.010214663,14.09125,0
2020-05-07,0.052052303,13.2596875,0
2020-06-07,0.06467464,22.56072917,0
2020-07-07,0.061464521,25.4153125,0
2020-08-07,0.003153672,22.8946875,0
2020-04-08,0.010231987,14.53885417,0
2020-05-08,0.046808977,13.06989583,0
2020-06-08,0.06417231,22.68364583,0
2020-07-08,0.061588125,25.54635417,0
2020-08-08,0.003122505,23.09166667,0
2020-04-09,0.010054173,13.48395833,0
2020-05-09,0.041468119,11.455625,0
2020-06-09,0.064168208,23.55072917,0
2020-07-09,0.06175751,25.54875,0
2020-08-09,NA,23.1796875,0
2020-03-10,0.009015692,9.281552083,0
2020-04-10,0.009633131,9.354489583,0
2020-05-10,0.037548976,11.96229167,0
2020-06-10,0.064334564,23.77145833,0
2020-07-10,0.061547261,25.7221875,0
2020-08-10,NA,22.71875,0
2020-03-11,0.008996104,10.77697917,0
2020-04-11,0.00950986,9.585145833,0
2020-05-11,0.034828107,11.71125,0
2020-06-11,0.064319345,23.41458333,0
2020-07-11,0.061076774,25.14875,0
2020-08-11,NA,23.10770833,0
2020-03-12,0.00887595,10.52032292,0
2020-04-12,0.011369681,11.10520833,0
2020-05-12,0.031224529,11.51833333,0
2020-06-12,0.063753702,22.43104167,0
2020-07-12,0.060799947,24.5915625,0
2020-08-12,NA,22.801875,0
2020-03-13,0.01121609,11.59822917,0
2020-04-13,0.079551528,12.7559375,0
2020-05-13,0.028464859,11.87822917,0
2020-06-13,0.06343882,22.10520833,0
2020-07-13,0.060411553,24.5128125,0
2020-08-13,NA,22.15020833,0
2020-03-14,0.009660114,9.36021875,0
2020-04-14,0.064377223,12.1040625,0
2020-05-14,0.030186532,13.8303125,0
2020-06-14,0.066611059,21.320625,0
2020-07-14,0.059708582,24.7871875,0
2020-08-14,NA,21.41989583,0
2020-03-15,0.01014454,8.155177083,0
2020-04-15,0.063075905,11.55635417,0
2020-05-15,0.030808639,15.76302083,0
2020-06-15,0.068076356,19.54822917,0
2020-07-15,0.059469397,25.289375,0
2020-08-15,NA,18.49625,0
2020-03-16,0.009608833,7.6686875,0
2020-04-16,0.060046769,11.66135417,0
2020-05-16,0.028103368,17.06416667,0
2020-06-16,0.0684376,18.6275,0
2020-07-16,0.060339262,25.41135417,0
2020-08-16,NA,17.52364583,0
2020-03-17,0.009547809,9.310854167,0
2020-04-17,0.056301444,12.18791667,0
2020-05-17,0.026366326,17.5975,0
2020-06-17,0.104692859,16.46916667,0
2020-07-17,0.060488014,25.65145833,0
2020-08-17,NA,19.25104167,0
2020-03-18,0.009540289,8.986052083,0
2020-04-18,0.053582576,12.4284375,0
2020-05-18,0.027114992,17.03635417,0
2020-06-18,0.084320545,17.4359375,0
2020-07-18,0.060454723,26.01052083,0
2020-08-18,NA,19.830625,0
2020-03-19,0.010133345,11.5340625,0
2020-04-19,0.048401984,11.71010417,0
2020-05-19,0.06714881,14.30447917,0
2020-06-19,0.076667563,18.18635417,0
2020-07-19,0.059646443,26.51,0
2020-08-19,NA,20.8375,0
2020-03-20,0.009788191,13.2521875,0
2020-04-20,0.047141155,12.5490625,0
2020-05-20,0.090821276,12.73635417,0
2020-06-20,0.07366547,19.01947917,0
2020-07-20,0.0475909,26.41947917,0
2020-08-20,NA,20.46072917,0
2020-03-21,0.009904938,12.998125,0
2020-04-21,0.042974349,12.59875,0
2020-05-21,0.100740591,12.51354167,0
2020-06-21,0.071456773,19.92729167,0
2020-07-21,0.037694765,26.13854167,0
2020-08-21,NA,20.18385417,0
2020-03-22,0.009399321,10.04291667,0
2020-04-22,0.037708307,11.96333333,0
2020-05-22,0.094295034,13.69895833,0
2020-06-22,0.070031235,20.66645833,0
2020-07-22,0.04105494,25.87135417,0
2020-08-22,NA,20.89510417,0
2020-03-23,0.010978779,8.544729167,0
2020-04-23,0.036646385,12.07072917,0
2020-05-23,0.081601439,15.069375,0
2020-06-23,0.069568225,21.12364583,0
2020-07-23,0.037874606,25.26375,0
2020-08-23,NA,20.78729167,0
2020-03-24,0.010742073,9.7359375,0
2020-04-24,0.038619002,13.49135417,0
2020-05-24,0.078951648,16.72916667,0
2020-06-24,0.068533451,21.17229167,0
2020-07-24,0.010502888,25.27770833,0
2020-08-24,0.003147763,21.7522807,0
2020-03-25,0.021066137,10.073125,0
2020-04-25,0.037671717,12.888125,0
2020-05-25,0.077668522,16.81895833,0
2020-06-25,0.067228588,21.59947917,0
2020-07-25,0.010189315,25.69552083,0
2020-03-26,0.015664746,10.40229167,0
2020-04-26,0.046797972,12.91375,0
2020-05-26,0.074848214,17.55052083,0
2020-06-26,0.066899584,21.68375,0
2020-07-26,0.009452949,25.9225,0
2020-03-27,0.012966824,12.5540625,0
2020-04-27,0.043825362,12.56479167,0
2020-05-27,0.073812017,17.7690625,0
2020-06-27,0.066285393,22.23854167,0
2020-07-27,0.00762081,26.02125,0
2020-03-28,0.011538666,14.86510417,0
2020-04-28,0.040341551,12.62927083,0
2020-05-28,0.075763717,18.23197917,0
2020-06-28,0.066099955,22.2725,0
2020-07-28,0.007916336,25.9140625,0
2020-03-29,0.010759679,15.27958333,0
2020-04-29,0.038613878,13.8496875,0
2020-05-29,0.07400502,19.1275,0
2020-06-29,0.065486741,22.29572917,0
2020-07-29,0.007623085,26.00947917,0
2020-03-30,0.010169246,13.28489583,0
2020-04-30,0.080958602,13.05,0
2020-05-30,0.072102452,19.64416667,0
2020-06-30,0.064949712,22.75447917,0
2020-07-30,0.007597021,25.95447917,0
2020-03-31,0.013033162,10.07947917,0
2020-05-31,0.070324399,19.16604167,0
2020-07-31,0.006743037,25.72916667,0